pair_id,pool,concept_x_id,concept_y_id,name_x,name_y,section_id,evidence_text,origin,source_pair_id,shown_a,in_cr007_random_sample
PR001,P0,c_802_11_frame_format,c_802_11_wi_fi_standard,802.11 frame format,802.11 Wi-Fi standard,2.7,Most of the 802.11 frame format,anchor_derived,AP-412,x,
PR002,P1_extra,c_link,c_operation,link,operation,1.3,"An application such as a web browser would invoke such an operation whenever the browser needs to obtain a new page (e.g., when the user clicks on a link in the currently displayed page).",same_sentence,RP-1.3-144,y,False
PR003,P2_extra_strict,c_operation,c_sendwindownotfull,operation,sendWindowNotFull,2.5,"The sending state also includes a counting semaphore called sendWindowNotFull. We will see how this is used below, but generally a semaphore is a synchronization primitive that supports semWait and semSignal operations.",adjacent_sentences,,x,
PR004,P2_extra_strict,c_cost,c_error_detection,cost,error detection,2.4,"Thus, while error detection requires more bits to be sent when errors occur, error correction requires more bits to be sent all the time. As a result, error correction tends to be most useful when (1) errors are quite probable, as they may be, for example, in a wireless environment, or (2) the cost of retransmission is too high, for example, because of the latency involved retransmitting a packet over a satellite link.",adjacent_sentences,,y,
PR005,P1_extra,c_timeout,c_last_frame_received,timeout,last frame received,2.5,"(Technically, the receiver could resend an ACK for frame 5 when frames 7 and 8 arrive.) Should frame 6 then arrive—perhaps it is late because it was lost the first time and had to be retransmitted, or perhaps it was simply delayed—the receiver acknowledges frame 8, bumps LFR to 8, and sets LAF to 12.\ [#]_ If frame 6 was in fact lost, then a timeout will have occurred at the sender, causing it to retransmit frame 6.",same_sentence,RP-2.5-178,x,False
PR006,P0,c_global_uniqueness,c_addressing_scheme,global uniqueness,addressing scheme,3.3,Global uniqueness is the first property that should be provided in an addressing scheme.,same_sentence,RP-3.3-1358,x,
PR007,P1_extra,c_forwarding_table,c_icmp_redirect,forwarding table,ICMP-Redirect,3.3,"Should R1 ever receive a datagram from the host, where based on its forwarding table it knows that R2 would have been a better choice for a particular destination address, it sends an ICMP-Redirect back to the host, instructing it to use R2 for all future datagrams addressed to that destination.",same_sentence,RP-3.3-1233,y,False
PR008,P1_extra,c_path,c_loop_free,path,loop free,3-problem-not-all-networks-are-directly-connected,"Such paths should be efficient (e.g., no longer than necessary), loop free, and able to respond to the fact that networks are not static—nodes may fail or reboot, links may break, and new nodes or links may be added.",same_sentence,RP-3-problem-not-all-networks-are-directly-connected-74,y,False
PR009,P2_extra_strict,c_node,c_wireless_technology,node,wireless technology,2.7,"There is a baffling assortment of different wireless technologies, each of which makes different tradeoffs in various dimensions. One simple way to categorize the different technologies is by the data rates they provide and how far apart communicating nodes can be.",adjacent_sentences,,x,
PR010,P0,c_cloud_provider,c_datacenter,cloud provider,datacenter,2-perspective-race-to-the-edge,"This is all part of the growing trend to move functionality out of the datacenter and closer to the network edge, a trend that puts cloud providers and network operators on a collision course.",same_sentence,RP-2-perspective-race-to-the-edge-10,y,
PR011,P2_extra_strict,c_byte,c_sts_n_payload,byte,STS-N payload,2.3,"The reason for interleaving the bytes from each STS-N frame is to ensure that the bytes in each STS-1 frame are evenly paced; that is, bytes show up at the receiver at a smooth 51 Mbps, rather than all bunched up during one particular 1/N^{th} of the 125-μs interval. Although it is accurate to view an STS-N signal as being used to multiplex N STS-1 frames, the payload from these STS-1 frames can be linked together to form a larger STS-N payload; such a link is denoted STS-Nc (for concatenated).",adjacent_sentences,,x,
PR012,P2_extra_strict,c_hardware,c_network_administrator,hardware,network administrator,3.3,"In this model, the configuration information for each host is stored in a table that is indexed by some form of unique client identifier, typically the hardware address (e.g., the Ethernet address of its network adaptor). A more sophisticated use of DHCP saves the network administrator from even having to assign addresses to individual hosts.",adjacent_sentences,,x,
PR013,P0,c_vxlan_vid,c_network,VXLAN VID,network,3-perspective-virtual-networks-all-the-way-down,uniquely identify virtual LANs (VLAN tags) and virtual networks (VXLAN VIDs),same_sentence,RP-3-perspective-virtual-networks-all-the-way-down-125,y,
PR014,P0,c_private_internetwork,c_internetwork,private internetwork,internetwork,3.3,construct a private internetwork by interconnecting the LANs at their different sites,anchor_derived,AP-578,y,
PR015,P0,c_maximum_transmission_unit,c_frame,maximum transmission unit,frame,3.3,"every network type has a maximum transmission unit (MTU), which is the largest IP datagram that it can carry in a frame.",same_sentence,RP-3.3-573,x,
PR016,P0,c_virtual_private_network,c_virtual_circuit,virtual private network,virtual circuit,3.1,"One of the most common applications of virtual circuits for many years was the construction of virtual private networks (VPNs), a subject discussed in a later section.",same_sentence,RP-3.1-415,y,
PR017,P0,c_ftp,c_protocol,FTP,protocol,1.2,"a range of application protocols, such as HTTP, FTP, Telnet",same_sentence,RP-1.2-431,x,
PR018,P0,c_broadband_base_unit,c_base_station,Broadband Base Unit,base station,2.8,the base stations are often called Broadband Base Units (BBU),same_sentence,RP-2.8-361,x,
PR019,P2_extra_strict,c_forwarding,c_network_interface,forwarding,network interface,3.5,"There is a straightforward way to build a switch or router: Buy a general-purpose processor and equip it with multiple network interfaces. Such a device, running suitable software, can receive packets on one of its interfaces, perform any of the switching or forwarding functions described in this chapter, and send packets out another of its interfaces.",adjacent_sentences,,y,
PR020,P0,c_protocol_family,c_protocol,protocol family,protocol,1.4,the domain argument specifies the protocol family that is going to be used,anchor_derived,AP-168,y,
PR021,P2_extra_strict,c_areaid,c_header,AreaId,header,3.4,"The SourceAddr identifies the sender of the message, and the AreaId is a 32-bit identifier of the area in which the node is located. The entire packet, except the authentication data, is protected by a 16-bit checksum using the same algorithm as the IP header.",adjacent_sentences,,x,
PR022,P2_extra_strict,c_channel,c_time_slot,channel,time slot,2.7,"It uses frequency-hopping with 79 channels (frequencies), using each for 625 μs at a time. This provides a natural time slot for Bluetooth to use for synchronous time division multiplexing.",adjacent_sentences,,y,
PR023,P0,c_next_hop_router,c_router,next hop router,router,3.3,The router that it chooses is known as the next hop router.,same_sentence,RP-3.3-337,x,
PR024,P2_extra_strict,c_clock_drift,c_clock_recovery,clock drift,clock recovery,2.2,"However, a long period of time without such a transition leads to clock drift. Thus, clock recovery depends on having lots of transitions in the signal, no matter what data is being sent.",adjacent_sentences,,x,
PR025,P2_extra_strict,c_destination_address,c_operating_system,destination address,operating system,3.3,"The most notable of these is the address of a default router—the place to which it can send packets whose destination address is not on the same network as the sending host. Most host operating systems provide a way for a system administrator, or even a user, to manually configure the IP information needed by a host; however, there are some obvious drawbacks to such manual configuration.",adjacent_sentences,,y,
PR026,P2_extra_strict,c_delay,c_forward_error_correction,delay,forward error correction,2.4,"As a result, error correction tends to be most useful when (1) errors are quite probable, as they may be, for example, in a wireless environment, or (2) the cost of retransmission is too high, for example, because of the latency involved retransmitting a packet over a satellite link. The use of error-correcting codes in networking is sometimes referred to as forward error correction (FEC) because the correction of errors is handled “in advance” by sending extra information, rather than waiting for errors to happen and dealing with them later by retransmission.",adjacent_sentences,,x,
PR027,P1_extra,c_bit,c_cyclic_redundancy_check,bit,cyclic redundancy check,2.4,"On an Ethernet, for example, a frame carrying up to 12,000 bits (1500 bytes) of data requires only a 32-bit CRC code, or as it is commonly expressed, uses CRC-32.",same_sentence,RP-2.4-22,y,False
PR028,P0,c_software_defined_networks,c_software,Software Defined Networks,software,3.5,Software Defined Networks (SDN),same_sentence,RP-3.5-59,y,
PR029,P0,c_option,c_header,option,header,3.3,there may be a number of options at the end of the header,same_sentence,RP-3.3-151,y,
PR030,P0,c_timing_constraint,c_application,timing constraint,application,1.1,These applications have considerably tighter timing constraints,same_sentence,RP-1.1-159,x,
PR031,P2_extra_strict,c_application,c_peak_rate,application,peak rate,1.5,"Generally, however, it is possible to put an upper bound on how large a burst an application like this is likely to transmit. A burst might be described by some peak rate that is maintained for some period of time.",adjacent_sentences,,y,
PR032,P2_extra_strict,c_memory_management_system,c_server_virtualization,memory management system,server virtualization,3-perspective-virtual-networks-all-the-way-down,"This abstraction enables programmers to operate under the illusion that there is plenty of memory and that no-one else is using it, while under the covers the memory management system takes care of things like mapping the virtual memory to physical resources and avoiding conflict between users. Similarly, server virtualization presents the abstraction of a virtual machine (VM), which has all the features of a physical machine.",adjacent_sentences,,y,
PR033,P0,c_switch,c_host,switch,host,3.1,"A star topology has several attractive properties:

-  Even though a switch has a fixed number of inputs and outputs, which limits the number of hosts that can be connected to a single switch, large networks can be built by interconnecting a number of switches.",same_sentence,RP-3.1-1,x,
PR034,P1_extra,c_destination,c_fragment,destination,fragment,3.3,These three fragments are then forwarded by router R3 across the second Ethernet to the destination host.,same_sentence,RP-3.3-300,y,False
PR035,P0,c_instructions,c_ascii,instructions,ASCII,2.3,"These bits might come from some character set, such as ASCII; they might be pixel values in an image; or they could be instructions and operands from an executable file.",same_sentence,RP-2.3-194,y,
PR036,P2_extra_strict,c_routing_algorithm,c_switch,routing algorithm,switch,3.1,"-  The issue of how a switch decides which link to forward the connection request on has been glossed over. In essence, this is the same problem as building up the forwarding table for datagram forwarding, which requires some sort of routing algorithm.",adjacent_sentences,,y,
PR037,P1_extra,c_spanning_tree_algorithm,c_open_shortest_path_first_protocol,spanning tree algorithm,Open Shortest Path First Protocol,3.5,"The non-trivial algorithms discussed in this chapter—the spanning tree algorithm used by learning bridges, the distance-vector algorithm used by RIP, and the link-state algorithm used by OSPF—are not directly part of the per-packet forwarding decision.",same_sentence,RP-3.5-204,x,False
PR038,P1_extra,c_default_router,c_network_number,default router,network number,3.3,"(As we will see below, forwarding tables in practice often contain some additional information related to the next hop.) Normally, there is also a default router that is used if none of the entries in the table matches the destination’s network number.",same_sentence,RP-3.3-736,x,False
PR039,P1_extra,c_framing,c_etx,framing,ETX,2.3,"(To convince yourself of this, consider what happens if the last byte of a frame’s body is the ETX character.) A form of framing that ensures that all frames are the same size is described in the next subsection.",same_sentence,RP-2.3-222,x,False
PR040,P1_extra,c_subnetwork,c_physical_network,subnetwork,physical network,3.3,"The idea is to take a single IP network number and allocate the IP addresses with that network number to several physical networks, which are now referred to as subnets.",same_sentence,RP-3.3-1381,x,False
PR041,P1_extra,c_end_to_end_latency,c_multi_stage_pipeline,end-to-end latency,multi-stage pipeline,3.5,"A multi-stage pipeline adds a little end-to-end latency to each packet (measured in nanoseconds), but also means that multiple packets can be processed at the same time.",same_sentence,RP-3.5-347,y,False
PR042,P1_extra,c_transmission_control_protocol,c_network_interface,Transmission Control Protocol,network interface,1.4,"Specifically, the domain argument specifies the protocol family that is going to be used: PF_INET denotes the Internet family, PF_UNIX denotes the Unix pipe facility, and PF_PACKET denotes direct access to the network interface (i.e., it bypasses the TCP/IP protocol stack).",same_sentence,RP-1.4-187,x,False
PR043,P1_extra,c_clock,c_cost,clock,cost,2.2,"You could imagine sending the clock to the receiver over a separate wire, but this is typically avoided because it makes the cost of cabling twice as high.",same_sentence,RP-2.2-75,y,False
PR044,P1_extra,c_transport_protocol,c_maximum_transmission_unit,transport protocol,maximum transmission unit,3.3,"Should the transport protocol that sits on top of IP give IP a packet larger than the local MTU, however, then the source host must fragment it.",same_sentence,RP-3.3-585,y,False
PR045,P2_extra_strict,c_bit,c_user_plane,bit,user plane,2.8,"Figure depicts one possible configuration of the end-to-end scenario, with a few additional bits of detail. The EPC has multiple subcomponents, including an MME (Mobility Management Entity), an HSS (Home Subscriber Server), and an S/PGW (Session/Packet Gateway) pair; the first tracks and manages the movement of UEs throughout the RAN, the second is a database that contains subscriber-related information, and the Gateway pair processes and forwards packets between the RAN and the Internet (it forms the EPC’s user plane).",adjacent_sentences,,x,
PR046,P1_extra,c_router,c_ip_network,router,IP network,3.3,"If a host wants to send an IP datagram to a host (or router) that it knows to be on the same network (i.e., the sending and receiving nodes have the same IP network number), it first checks for a mapping in the cache.",same_sentence,RP-3.3-954,x,False
PR047,P1_extra,c_physical_layer,c_802_11_wi_fi_standard,physical layer,802.11 Wi-Fi standard,2.7,"Physical Properties

802.11 defines a number of different physical layers that operate in various frequency bands and provide a range of different data rates.",same_sentence,RP-2.7-75,x,False
PR048,P2_extra_strict,c_packet_stream,c_physical_link,packet stream,physical link,1.5,"If the spacing between when packets arrive at the destination—sometimes called the inter-packet gap—is variable, however, then the delay experienced by the sequence of packets must have also been variable, and the network is said to have introduced jitter into the packet stream, as shown in Figure. Such variation is generally not introduced in a single physical link, but it can happen when packets experience different queuing delays in a multihop packet-switched network.",adjacent_sentences,,x,
PR049,P1_extra,c_netscape,c_internet_explorer,Netscape,Internet Explorer,1.3,"To understand the difference between an application layer protocol and an application, think of all the different World Wide Web browsers that are or have been available (e.g., Firefox, Chrome, Safari, Netscape, Mosaic, Internet Explorer).",same_sentence,RP-1.3-388,y,False
PR050,P1_extra,c_switch,c_incoming_vci_value,switch,incoming VCI value,3.1,Note that the “outgoing” VCI value at one switch is the “incoming” VCI value at the next switch.,same_sentence,RP-3.1-132,y,False
PR051,P1_extra,c_store_and_forward,c_header,store-and-forward,header,3.5,"The important take-away is that the packet is buffered in main memory (this is the “store” half of store-and-forward), with the CPU reading only the necessary header fields into its internal registers for processing.",same_sentence,RP-3.5-144,x,False
PR052,P1_extra,c_computer_network,c_circuit_switching,computer network,circuit switching,1.2,"The major reason for using packet switching rather than circuit switching in a computer network is efficiency, discussed in the next subsection.",same_sentence,RP-1.2-248,y,False
PR053,P2_extra_strict,c_5g,c_signal,5G,signal,2.1,This mmWave band is likely to become an important part of the 5G mobile network. So far we understand a link to be a physical medium carrying signals in the form of electromagnetic waves.,adjacent_sentences,,x,
PR054,P2_extra_strict,c_csma_ca,c_packet,CSMA/CA,packet,2.7,"For this reason, one part of CSMA/CA is an explicit ACK from the receiver to the sender. If the packet was successfully decoded and passed its CRC at the receiver, the receiver sends an ACK back to the sender.",adjacent_sentences,,y,
PR055,P1_extra,c_video,c_world_wide_web,video,World Wide Web,1.1,"While we frequently start at a website to initiate a streaming session, the delivery of audio and video has some important differences from fetching a simple web page of text and images.",same_sentence,RP-1.1-103,y,False
PR056,P2_extra_strict,c_link,c_virtualize,link,virtualize,3-perspective-virtual-networks-all-the-way-down,"They allowed carriers to present corporate customers with the illusion that they had their own private network, even though in reality they were sharing underlying links and switches with many other users. VPNs, however, only virtualize a few resources, notably addressing and routing tables.",adjacent_sentences,,x,
PR057,P2_extra_strict,c_domain_argument,c_socket,domain argument,socket,1.4,"The first step is to create a socket, which is done with the following operation:

The reason that this operation takes three arguments is that the socket interface was designed to be general enough to support any underlying protocol suite. Specifically, the domain argument specifies the protocol family that is going to be used: PF_INET denotes the Internet family, PF_UNIX denotes the Unix pipe facility, and PF_PACKET denotes direct access to the network interface (i.e., it bypasses the TCP/IP protocol stack).",adjacent_sentences,,y,
PR058,P1_extra,c_fiber_to_the_home,c_backbone,fiber-to-the-home,backbone,2.1,"One way to characterize links, then, is by the medium they use—typically, copper wire in some form, such as twisted pair (some Ethernets and landline phones) and coaxial (cable); optical fiber, which is used for both fiber-to-the-home and many long-distance links in the Internet’s backbone; or air/free space for wireless links.",same_sentence,RP-2.1-119,x,False
PR059,P2_extra_strict,c_electromagnetic_spectrum,c_wireless_technology,electromagnetic spectrum,wireless technology,2.7,"Other important differences include which part of the electromagnetic spectrum they use (including whether it requires a license) and how much power they consume. In this section, we discuss two prominent wireless technologies: Wi-Fi (more formally known as 802.11), and Bluetooth.",adjacent_sentences,,x,
PR060,P2_extra_strict,c_mobile_device,c_radio,mobile device,radio,2.7,"Unlike wired links, power is a big issue for wireless, especially because wireless links are often used by small mobile devices (like phones and sensors) that have limited access to power (e.g., a small battery). Furthermore, you can’t go blasting away at arbitrarily high power with a radio transmitter—there are concerns about interference with other devices and usually regulations about how much power a device may emit at any given frequency.",adjacent_sentences,,y,
PR061,P2_extra_strict,c_two_way_traffic,c_video_application,two-way traffic,video application,1.2,"The message stream channel could be used by both the video on demand and videoconferencing applications, provided it is parameterized to support both one-way and two-way traffic and to support different delay properties. The message stream channel might not need to guarantee that all messages are delivered, since a video application can operate adequately even if some video frames are not received.",adjacent_sentences,,y,
PR062,P2_extra_strict,c_frequency_band,c_radio_waves,frequency band,radio waves,2.1,"We have already seen the example of a voice-grade telephone line, which carries continuous electromagnetic signals ranging between 300 Hz and 3300 Hz; a 300-Hz wave traveling through copper would have a wavelength of

Generally, electromagnetic waves span a much wider range of frequencies, ranging from radio waves, to infrared light, to visible light, to x-rays and gamma rays. Figure depicts the electromagnetic spectrum and shows which media are commonly used to carry which frequency bands.",adjacent_sentences,,x,
PR063,P1_extra,c_mainframe_computers,c_framing,mainframe computers,framing,2.3,"2.3.1 Byte-Oriented Protocols (PPP)

One of the oldest approaches to framing—it has its roots in connecting terminals to mainframes—is to view each frame as a collection of bytes (characters) rather than a collection of bits.",same_sentence,RP-2.3-383,x,False
PR064,P0,c_bandwidth,c_delay,bandwidth,delay,1.5,"1.5.1 Bandwidth and Latency

Network performance is measured in two fundamental ways: bandwidth (also called throughput) and latency (also called delay).",same_sentence,RP-1.5-1,x,
PR065,P2_extra_strict,c_c,c_interface,C,interface,1.4,"This is what has happened with the socket interface originally provided by the Berkeley distribution of Unix, which is now supported in virtually all popular operating systems, and is the foundation of language-specific interfaces, such as the Java or Python socket library. We use Linux and C for all code examples in this book, Linux because it is open source and C because it remains the language of choice for network internals.",adjacent_sentences,,x,
PR066,P0,c_wide_area,c_area,wide area,area,2-problem-connecting-to-a-network,"It may cover a small area (e.g., an office building) or a wide area (e.g., transcontinental).",same_sentence,RP-2-problem-connecting-to-a-network-135,y,
PR067,P2_extra_strict,c_virtual_lan,c_virtualization,virtual LAN,virtualization,3-perspective-virtual-networks-all-the-way-down,Figuring out how to uniquely identify virtual LANs (VLAN tags) and virtual networks (VXLAN VIDs) is the easy part. This is because encapsulation is the fundamental cornerstone of virtualization; all you need to add is an identifier that tells you which of many possible users this encapsulated packet belongs to.,adjacent_sentences,,x,
PR068,P1_extra,c_layering,c_output,layering,output,3.1,"(This is a case where OSI layering isn't a perfect reflection of the real world, as we'll see later.)

The question, then, is how does the switch decide which output link to place each packet on?",same_sentence,RP-3.1-213,y,False
PR069,P0,c_cloud_datacenter,c_cloud,cloud datacenter,cloud,3-perspective-virtual-networks-all-the-way-down,in cloud datacenters,anchor_derived,AP-736,y,
PR070,P2_extra_strict,c_bit,c_scheduler,bit,scheduler,2.8,"The number of bits that can be encoded in each symbol depends on the modulation rate, so for example using Quadrature Amplitude Modulation (QAM), 16-QAM yields 4 bits per symbol and 64-QAM yields 6 bits per symbol. A scheduler makes allocation decisions at the granularity of blocks of 7x12=84 resource elements, called a Physical Resource Block (PRB).",adjacent_sentences,,x,
PR071,P2_extra_strict,c_host_part,c_network_topology,host part,network topology,3.3,"(In fact, Ethernet addresses do have a structure for the purposes of assignment—the first 24 bits identify the manufacturer—but this provides no useful information to routing protocols since this structure has nothing to do with network topology.)  In contrast, IP addresses are hierarchical, by which we mean that they are made up of several parts that correspond to some sort of hierarchy in the internetwork. Specifically, IP addresses consist of two parts, usually referred to as a network part and a host part.",adjacent_sentences,,x,
PR072,P0,c_network_number,c_network,network number,network,3.3,"Since these hosts are on different physical networks, they have different network numbers",same_sentence,RP-3.3-60,x,
PR073,P2_extra_strict,c_terminals,c_wi_fi,terminals,Wi-Fi,2.3,"Note that while we discuss framing in the context of point-to-point links, the problem is a fundamental one that must also be addressed in multiple-access networks like Ethernet and Wi-Fi. 2.3.1 Byte-Oriented Protocols (PPP)

One of the oldest approaches to framing—it has its roots in connecting terminals to mainframes—is to view each frame as a collection of bytes (characters) rather than a collection of bits.",adjacent_sentences,,x,
PR074,P2_extra_strict,c_cable,c_transmission,cable,transmission,1.2,"Bit errors typically occur because outside forces, such as lightning strikes, power surges, and microwave ovens, interfere with the transmission of data. The good news is that such bit errors are fairly rare, affecting on average only one out of every 10\ 6 to 10\ 7 bits on a typical copper-based cable and one out of every 10\ 12 to 10\ 14 bits on a typical optical fiber.",adjacent_sentences,,x,
PR075,P2_extra_strict,c_carrier_sense_multiple_access_with_collision_detect,c_station,"Carrier Sense, Multiple Access with Collision Detect",station,2.6,"You can, therefore, think of an Ethernet as being like a bus that has multiple stations plugged into it. The “carrier sense” in CSMA/CD means that all the nodes can distinguish between an idle and a busy link, and “collision detect” means that a node listens as it transmits and can therefore detect when a frame it is transmitting has interfered (collided) with a frame transmitted by another node.",adjacent_sentences,,y,
PR076,P2_extra_strict,c_ip_network,c_node,IP network,node,3.4,"Finally, the procedure updateRoutingTable is the main routine that calls mergeRoute to incorporate all the routes contained in a routing update that is received from a neighboring node. Routing Information Protocol (RIP)

One of the more widely used routing protocols in IP networks is the Routing Information Protocol (RIP).",adjacent_sentences,,y,
PR077,P0,c_general_purpose_programmable_hardware,c_phone_calls,general-purpose programmable hardware,phone calls,1-problem-building-a-network,"Computer networks are built primarily from general-purpose programmable hardware, and they are not optimized for a particular application like making phone calls or delivering television signals.",same_sentence,RP-1-problem-building-a-network-26,y,
PR078,P1_extra,c_optical_fiber,c_itu_t,optical fiber,ITU-T,2.3,"SONET was first proposed by Bell Communications Research (Bellcore), and then developed under the American National Standards Institute (ANSI) for digital transmission over optical fiber; it has since been adopted by the ITU-T.",same_sentence,RP-2.3-231,x,False
PR079,P0,c_time_quantum,c_quantum,time quantum,quantum,1.2,"In other words, during time quantum 1, data from S1 to R1 is transmitted; during time quantum 2, data from S2 to R2 is transmitted; in quantum 3, S3 sends data to R3.",same_sentence,RP-1.2-605,y,
PR080,P0,c_piggybacking_acks,c_acknowledgment,piggybacking ACKs,acknowledgment,2.5,piggybacking ACKs on data frames,anchor_derived,AP-345,x,
PR081,P0,c_wifi_router,c_router,WiFi router,router,2-perspective-race-to-the-edge,deploy a WiFi router,anchor_derived,AP-483,y,
PR082,P1_extra,c_retransmission,c_update_packet,retransmission,update packet,3.4,"First, the transmission of LSPs between adjacent routers is made reliable using acknowledgments and retransmissions just as in the reliable link-layer protocol.",same_sentence,RP-3.4-776,x,False
PR083,P0,c_non_return_to_zero,c_encoding,non-return to zero,encoding,2.3,"an encoding scheme called, cryptically enough, non-return to zero (NRZ)",same_sentence,RP-2.3-296,y,
PR084,P2_extra_strict,c_error_detecting_code,c_error_detection,error-detecting code,error detection,2.4,"This can be confusing, so we urge you to use the word checksum only to apply to codes that actually do use addition and to use error-detecting code to refer to the general class of codes described in this section. 2.4.1 Internet Checksum Algorithm

Our first approach to error detection is exemplified by the Internet checksum.",adjacent_sentences,,x,
PR085,P0,c_internet_protocol,c_packet,Internet Protocol,packet,3.3,"Packet Format

Clearly, a key part of the IP service model is the type of packets that can be carried.",same_sentence,RP-3.3-7,y,
PR086,P1_extra,c_socket_interface,c_socket,socket interface,socket,1.4,"The main abstraction of the socket interface, not surprisingly, is the socket.",same_sentence,RP-1.4-25,x,False
PR087,P1_extra,c_retransmission,c_satellite_link,retransmission,satellite link,2.4,"As a result, error correction tends to be most useful when (1) errors are quite probable, as they may be, for example, in a wireless environment, or (2) the cost of retransmission is too high, for example, because of the latency involved retransmitting a packet over a satellite link.",same_sentence,RP-2.4-206,y,False
PR088,P2_extra_strict,c_header,c_send_window_size,header,send window size,2.5,"In the ground-link case, the header for each frame included a 3-bit channel number and a 1-bit sequence number, for a total of 4 bits. This is exactly the number of bits the sliding window protocol requires to support up to 8 outstanding frames on the link when RWS = SWS.",adjacent_sentences,,y,
PR089,P2_extra_strict,c_connection,c_permanent_virtual_circuit,connection,permanent virtual circuit,3.1,"Note that an SVC should more accurately be called a signalled VC, since it is the use of signalling (not switching) that distinguishes an SVC from a PVC. Let’s assume that a network administrator wants to manually create a new virtual connection from host A to host B.",adjacent_sentences,,x,
PR090,P1_extra,c_voice,c_television_sets,voice,television sets,1-problem-building-a-network,"The main things these networks have in common are that they are specialized to handle one particular kind of data (keystrokes, voice, or video) and they typically connect to special-purpose devices (terminals, hand receivers, and television sets).",same_sentence,RP-1-problem-building-a-network-72,y,False
PR091,P0,c_forward_search_algorithm,c_routing_table,forward search algorithm,routing table,3.4,each switch computes its routing table directly from the LSPs it has collected using a realization of Dijkstra’s algorithm called the forward search algorithm,same_sentence,RP-3.4-467,x,
PR092,P1_extra,c_standard,c_pixel,standard,pixel,1.5,"Suppose one wants to stream a video that is one quarter the size of a standard TV screen; that is, it has a resolution of 352 by 240 pixels.",same_sentence,RP-1.5-218,y,False
PR093,P2_extra_strict,c_internet_protocol,c_world_wide_web,Internet Protocol,World Wide Web,1.1,"What most web users are not aware of, however, is that by clicking on just one such URL over a dozen messages may be exchanged over the Internet, and many more than that if the web page is complicated with lots of embedded objects. This message exchange includes up to six messages to translate the server name (www.cs.princeton.edu) into its Internet Protocol (IP) address (128.112.136.35), three messages to set up a Transmission Control Protocol (TCP) connection between your browser and this server, four messages for your browser to send the HTTP “GET” request and the server to respond with the requested page (and for each side to acknowledge receipt of that message), and four messages to tear down the TCP connection.",adjacent_sentences,,x,
PR094,P0,c_high_speed_satellite_link,c_satellite_link,high-speed satellite link,satellite link,3.4,A high-speed satellite link is more attractive,anchor_derived,AP-709,x,
PR095,P2_extra_strict,c_breakpoint,c_cost,breakpoint,cost,3.4,"All of these factors mean that a link is much less likely to be universally abandoned, since a threefold increase in cost is likely to make the link unattractive for some paths while letting it remain the best choice for others. The slopes, offsets, and breakpoints for the curves in Figure were arrived at by a great deal of trial and error, and they were carefully tuned to provide good performance.",adjacent_sentences,,y,
PR096,P2_extra_strict,c_forwarding_pipeline,c_instruction_set,forwarding pipeline,instruction set,3.5,"P4 is a new programming language that can be used to program such NPU-based forwarding pipelines. Among other things, P4 tries to hide many of the differences in the underlying NPU instruction sets.",adjacent_sentences,,x,
PR097,P2_extra_strict,c_clock_drift,c_receiver,clock drift,receiver,2.2,"Whenever the signal changes, such as on a transition from 1 to 0 or from 0 to 1, then the receiver knows it is at a clock cycle boundary, and it can resynchronize itself. However, a long period of time without such a transition leads to clock drift.",adjacent_sentences,,x,
PR098,P2_extra_strict,c_application_process,c_operating_system,application process,operating system,1.4,"Whereas a server usually listens for messages on a well-known port, a client typically does not care which port it uses for itself; the OS simply selects an unused one. Once a connection is established, the application processes invoke the following two operations to send and receive data:

The first operation sends the given message over the specified socket, while the second operation receives a message from the specified socket into the given buffer.",adjacent_sentences,,y,
PR099,P1_extra,c_point_to_point_protocol,c_lcp_identifier,Point-to-Point Protocol,LCP identifier,2.3,PPP and LCP work in tandem: LCP sends control messages encapsulated in PPP frames—such messages are denoted by an LCP identifier in the PPP (Protocol) field—and then turns around and changes PPP’s frame format based on the information contained in those control messages.,same_sentence,RP-2.3-157,x,False
PR100,P1_extra,c_strict_source_route,c_loose_source_route,strict source route,loose source route,3.1,"In a strict source route, every node along the path must be specified, whereas a loose source route only specifies a set of nodes to be traversed, without saying exactly how to get from one node to the next.",same_sentence,RP-3.1-637,y,False
PR101,P0,c_chrome,c_world_wide_web,Chrome,World Wide Web,1.3,"different World Wide Web browsers that are or have been available (e.g., Firefox, Chrome",same_sentence,RP-1.3-364,y,
PR102,P0,c_optical_line_terminal,c_optical_network_unit,Optical Line Terminal,Optical Network Unit,2.8,"Framing then happens at the source in the ISP’s premises, in a device called an Optical Line Terminal (OLT), and at the end-points in individual homes, in a device called an Optical Network Unit (ONU).",same_sentence,RP-2.8-2,x,
PR103,P2_extra_strict,c_ones_complement_arithmetic,c_packet,ones’ complement arithmetic,packet,3.3,"The Checksum is calculated by considering the entire IP header as a sequence of 16-bit words, adding them up using ones’ complement arithmetic, and taking the ones’ complement of the result. Thus, if any bit in the header is corrupted in transit, the checksum will not contain the correct value upon receipt of the packet.",adjacent_sentences,,x,
PR104,P1_extra,c_radio_spectrum,c_orthogonal_frequency_division_multiple_access,radio spectrum,Orthogonal Frequency-Division Multiple Access,2.8,"The use of OFDMA naturally leads to conceptualizing the radio spectrum as a two-dimensional resource, as shown in Figure.",same_sentence,RP-2.8-286,x,False
PR105,P0,c_socket_library,c_interface,socket library,interface,1.4,"This is what has happened with the socket interface originally provided by the Berkeley distribution of Unix, which is now supported in virtually all popular operating systems, and is the foundation of language-specific interfaces, such as the Java or Python socket library.",same_sentence,RP-1.4-111,x,
PR106,P2_extra_strict,c_cable_tv_network,c_data,cable TV network,data,1-problem-building-a-network,"Other important networks include the voice telephone network and the cable TV network used to disseminate video signals. The main things these networks have in common are that they are specialized to handle one particular kind of data (keystrokes, voice, or video) and they typically connect to special-purpose devices (terminals, hand receivers, and television sets).",adjacent_sentences,,y,
PR107,P1_extra,c_link,c_wireless_protocol,link,wireless protocol,2.7,"Collision Avoidance

At first glance, it might seem that a wireless protocol would follow the same algorithm as the Ethernet—wait until the link becomes idle before transmitting and back off should a collision occur—and, to a first approximation, this is what 802.11 does.",same_sentence,RP-2.7-326,y,False
PR108,P0,c_web_browser,c_world_wide_web,web browser,World Wide Web,1.3,the basis of the World Wide Web and is what enables web browsers to request pages,same_sentence,RP-1.3-577,y,
PR109,P1_extra,c_hardware,c_application_program,hardware,application program,1.3,"Drawing on the discussion of requirements given in the previous section, for example, we might imagine a simple network as having two layers of abstraction sandwiched between the application program and the underlying hardware, as illustrated in Figure.",same_sentence,RP-1.3-124,y,False
PR110,P2_extra_strict,c_millimeter_wave,c_signal,millimeter-wave,signal,2.1,This mmWave band is likely to become an important part of the 5G mobile network. So far we understand a link to be a physical medium carrying signals in the form of electromagnetic waves.,adjacent_sentences,,x,
PR111,P1_extra,c_protocol_specification,c_ietf_culture,protocol specification,IETF culture,1.3,"A final attribute of the Internet architecture (or more accurately, of the IETF culture) is that in order for a new protocol to be officially included in the architecture, there must be both a protocol specification and at least one (and preferably two) representative implementations of the specification.",same_sentence,RP-1.3-419,x,False
PR112,P1_extra,c_node,c_cts,node,CTS,2.7,This effectively tells the nodes within range of the receiver that they should not send anything for a while—the amount of time of the intended transmission is included in the RTS and CTS packets.,same_sentence,RP-2.7-382,y,False
PR113,P2_extra_strict,c_signal,c_wireless_technology,signal,wireless technology,2.7,"And, because it’s hard to control who receives your signal when you transmit over the air, issues of eavesdropping may also have to be addressed. There is a baffling assortment of different wireless technologies, each of which makes different tradeoffs in various dimensions.",adjacent_sentences,,y,
PR114,P1_extra,c_network,c_email,network,email,1.5,"For a 2-KB object (say, an email message), the link speed makes quite a difference on a 1-ms RTT network but a negligible difference on a 100-ms RTT network.",same_sentence,RP-1.5-152,x,False
PR115,P0,c_addressing_scheme,c_network_address,addressing scheme,network address,3.3,"an addressing scheme, which provides a way to identify all hosts in the internetwork",same_sentence,RP-3.3-671,y,
PR116,P0,c_signal,c_interference,signal,interference,2.7,"The idea behind spread spectrum is to spread the signal over a wider frequency band, so as to minimize the impact of interference from other devices.",same_sentence,RP-2.7-25,x,
PR117,P1_extra,c_data,c_fiber,data,fiber,1.2,"Machines crash and later are rebooted, fibers are cut, electrical interference corrupts bits in the data being transmitted, switches run out of buffer space, and, as if these sorts of physical problems aren’t enough to worry about, the software that manages the hardware may contain bugs and sometimes forwards packets into oblivion.",same_sentence,RP-1.2-488,y,False
PR118,P0,c_dynamic_range,c_metric,dynamic range,metric,3.4,the dynamic range of the metric,same_sentence,RP-3.4-698,x,
PR119,P2_extra_strict,c_tcam,c_wildcard,TCAM,wildcard,3.5,"The “CAM” in TCAM stands for “Content Addressable Memory,” which means that the key you want to look up in a table can effectively be used as the address into the memory that implements the table. The “T” stands for “Ternary” which is a fancy way to say the key you want to look up can have wildcards in it (e.g, key 101 matches both 1001 and 1011).",adjacent_sentences,,y,
PR120,P1_extra,c_java,c_unix,Java,Unix,1.4,"This is what has happened with the socket interface originally provided by the Berkeley distribution of Unix, which is now supported in virtually all popular operating systems, and is the foundation of language-specific interfaces, such as the Java or Python socket library.",same_sentence,RP-1.4-125,y,False
PR121,P0,c_ethernet_standard,c_ethernet,Ethernet standard,Ethernet,2.6,a 10-Mbps Ethernet standard in 1978,anchor_derived,AP-353,y,
PR122,P2_extra_strict,c_department,c_open_systems_interconnection_architecture,department,Open Systems Interconnection architecture,1.3,"Department of Defense. The Internet and ARPANET were around before the OSI architecture, and the experience gained from building them was a major influence on the OSI reference model.",adjacent_sentences,,x,
PR123,P0,c_scalability,c_network,scalability,network,3.3,We can now see how hierarchical addressing—splitting the address into network and host parts—has improved the scalability of a large network.,same_sentence,RP-3.3-1311,y,
PR124,P0,c_videoconferencing_application,c_application,videoconferencing application,application,1.1,a videoconferencing application,anchor_derived,AP-13,x,
PR125,P2_extra_strict,c_access_device,c_c,access device,C,2-perspective-race-to-the-edge,"In response, network operators are actively transitioning from these purpose-built appliances to open software running on commodity servers, switches, and access devices. This initiative is often called CORD, which is an acronym for C\ entral O\ ffice R\ e-architected as a D\ atacenter, and as the name suggests, the idea is to build the Telco Central Office (or the Cable Head End, resulting in the acronym HERD) using exactly the same technologies as in the large datacenters that make up the cloud.",adjacent_sentences,,y,
PR126,P1_extra,c_link,c_queue,link,queue,1.5,"Note that if the message contains only one bit and we are talking about a single link (as opposed to a whole network), then the Transmit and Queue terms are not relevant, and latency corresponds to the propagation delay only.",same_sentence,RP-1.5-139,x,False
PR127,P2_extra_strict,c_demultiplexing_key,c_network_address,demultiplexing key,network address,3.3,"UDP is discussed in detail in the next chapter, but the only interesting thing it does in this context is to provide a demultiplexing key that says, “This is a DHCP packet.”

DHCP is derived from an earlier protocol called BOOTP, and some of the packet fields are thus not strictly relevant to host configuration. When trying to obtain configuration information, the client puts its hardware address (e.g., its Ethernet address) in the chaddr field.",adjacent_sentences,,y,
PR128,P0,c_video,c_streaming_session,video,streaming session,1.1,"While we frequently start at a website to initiate a streaming session, the delivery of audio and video has some important differences from fetching a simple web page of text and images.",same_sentence,RP-1.1-104,x,
PR129,P1_extra,c_routing_algorithm,c_data_plane,routing algorithm,data plane,3.5,"The fundamental idea of SDN is one we’ve already discussed: to decouple the network control plane (i.e., where routing algorithms like RIP, OSPF, and BGP run) from the network data plane (i.e., where packet forwarding decisions get made), with the former moved into software running on commodity servers and the latter implemented by bare-metal switches.",same_sentence,RP-3.5-400,y,False
PR130,P2_extra_strict,c_carrier,c_routing_table,carrier,routing table,3-perspective-virtual-networks-all-the-way-down,"They allowed carriers to present corporate customers with the illusion that they had their own private network, even though in reality they were sharing underlying links and switches with many other users. VPNs, however, only virtualize a few resources, notably addressing and routing tables.",adjacent_sentences,,y,
PR131,P1_extra,c_receiver,c_out_of_order_frame,receiver,out-of-order frame,2.5,"The receiver maintains the following three variables: The receive window size, denoted RWS, gives the upper bound on the number of out-of-order frames that the receiver is willing to accept; LAF denotes the sequence number of the largest acceptable frame; and LFR denotes the sequence number of the last frame received.",same_sentence,RP-2.5-349,x,False
PR132,P1_extra,c_frame,c_layer,frame,layer,1.3,"At this layer, the unit of data exchanged among nodes is typically called a packet rather than a frame, although they are fundamentally the same thing.",same_sentence,RP-1.3-560,x,False
PR133,P2_extra_strict,c_fiber,c_switch_based_approach,fiber,switch-based approach,2.6,"Second, it is inexpensive: cable/fiber is relatively cheap, and the only other cost is the network adaptor on each host. Ethernet became deeply entrenched for these reasons, and any switch-based approach that aspired to displace it required additional investment in infrastructure (the switches), on top of the cost of each adaptor.",adjacent_sentences,,x,
PR134,P1_extra,c_data,c_asynchronous_transfer_mode,data,Asynchronous Transfer Mode,3.1,ATM was designed to carry both voice phone calls (the dominant use case at the time) and data.,same_sentence,RP-3.1-699,y,False
PR135,P2_extra_strict,c_classless_interdomain_routing,c_power,Classless Interdomain Routing,power,3.3,"Observe that, for this scheme to work, we need to hand out blocks of class C addresses that share a common prefix, which means that each block must contain a number of class C networks that is a power of two. CIDR requires a new type of notation to represent network numbers, or prefixes as they are known, because the prefixes can be of any length.",adjacent_sentences,,y,
PR136,P2_extra_strict,c_presentation_layer,c_transport_stream,presentation layer,transport stream,1.3,"Below that, the presentation layer is concerned with the format of data exchanged between peers—for example, whether an integer is 16, 32, or 64 bits long, whether the most significant byte is transmitted first or last, or how a video stream is formatted. Finally, the session layer provides a name space that is used to tie together the potentially different transport streams that are part of a single application.",adjacent_sentences,,y,
PR137,P0,c_authentication,c_cryptographic_authentication,authentication,cryptographic authentication,3.4,(A similar form of authentication was added to RIP in version 2.) Strong cryptographic authentication was later added.,same_sentence,RP-3.4-144,y,
PR138,P1_extra,c_cost,c_confirmed_list,cost,Confirmed list,3.4,Initialize the Confirmed list with an entry for myself; this entry has a cost of 0.,same_sentence,RP-3.4-71,y,False
PR139,P2_extra_strict,c_count_field,c_framing_error,count field,framing error,2.3,"(A similar problem exists with the sentinel-based approach if the ETX field becomes corrupted.) Should this happen, the receiver will accumulate as many bytes as the bad count field indicates and then use the error detection field to determine that the frame is bad. This is sometimes called a framing error.",adjacent_sentences,,y,
PR140,P2_extra_strict,c_af_inet,c_server,AF_INET,server,1.4,"Notice that this data structure specifies that we’ll be using the socket to connect to the Internet (AF_INET). In our example, we use TCP port 5432 as the well-known server port; this happens to be a port that has not been assigned to any other Internet service.",adjacent_sentences,,y,
PR141,P2_extra_strict,c_area,c_wi_fi_alliance,area,Wi-Fi Alliance,2.7,"Wi-Fi is technically a trademark, owned by a trade group called the Wi-Fi Alliance, which certifies product compliance with 802.11. Like Ethernet, 802.11 is designed for use in a limited geographical area (homes, office buildings, campuses), and its primary challenge is to mediate access to a shared communication medium—in this case, signals propagating through space.",adjacent_sentences,,y,
PR142,P0,c_bandwidth,c_aggregate_capacity,bandwidth,aggregate capacity,3.1,"Every host on a switched network has its own link to the switch, so it may be entirely possible for many hosts to transmit at the full link speed (bandwidth), provided that the switch is designed with enough aggregate capacity.",same_sentence,RP-3.1-181,y,
PR143,P2_extra_strict,c_implementation,c_link_state_algorithm,implementation,Link-State algorithm,3.5,"Thus, for example, a 16-port switch with this aggregate throughput would only be able to cope with an average data rate of about 1 Gbps on each port.\ [#]_

One final consideration is important to understand when evaluating switch implementations. The non-trivial algorithms discussed in this chapter—the spanning tree algorithm used by learning bridges, the distance-vector algorithm used by RIP, and the link-state algorithm used by OSPF—are not directly part of the per-packet forwarding decision.",adjacent_sentences,,y,
PR144,P2_extra_strict,c_cellular_network,c_physical_link,cellular network,physical link,1.2,"(Sometimes a node is a more specialized piece of hardware rather than a computer, but we overlook that distinction for the purposes of this discussion.) As illustrated in Figure, physical links are sometimes limited to a pair of nodes (such a link is said to be point-to-point), while in other cases more than two nodes may share a single physical link (such a link is said to be multiple-access). Wireless links, such as those provided by cellular networks and Wi-Fi networks, are an important class of multiple-access links.",adjacent_sentences,,y,
PR145,P0,c_message_stream_protocol,c_message,message stream protocol,message,1.3,protocols RRP (Request/Reply Protocol) and MSP (Message Stream Protocol) implement two different types of process-to-process channels,same_sentence,RP-1.3-232,y,
PR146,P1_extra,c_bit,c_byte_order,bit,byte order,2.5,"The issue of byte order is a non-trivial issue, but for now it is enough to assume that this routine places the most significant bit of a multiword integer in the byte with the highest address.",same_sentence,RP-2.5-248,x,False
PR147,P1_extra,c_switch,c_acknowledgment,switch,acknowledgment,3.1,Host B sends an acknowledgment of the connection setup to switch 3 and includes in that message the VCI that it chose (4).,same_sentence,RP-3.1-76,y,False
PR148,P2_extra_strict,c_hardware,c_radio,hardware,radio,2.2,"In practice, these signals might correspond to two different voltages on a copper-based link, two different power levels on an optical link, or two different amplitudes on a radio transmission. Most of the functions discussed in this chapter are performed by a network adaptor—a piece of hardware that connects a node to a link.",adjacent_sentences,,y,
PR149,P1_extra,c_addr1,c_addr3,Addr1,Addr3,2.7,"With both bits set, Addr1 identifies the ultimate destination, Addr2 identifies the immediate sender (the one that forwarded the frame from the distribution system to the ultimate destination), Addr3 identifies the intermediate destination (the one that accepted the frame from a wireless node and forwarded it across the distribution system), and Addr4 identifies the original source.",same_sentence,RP-2.7-131,y,False
PR150,P1_extra,c_reliability,c_link_level_technology,reliability,link-level technology,2.5,"It’s worth noting that reliability is a function that may be provided at the link level, but many modern link technologies omit this function.",same_sentence,RP-2.5-143,y,False
PR151,P0,c_cellular_network,c_network,cellular network,network,2.8,cellular networks and Wi-Fi networks,same_sentence,RP-2.8-267,y,
PR152,P1_extra,c_link,c_triggered_update,link,triggered update,3.4,"The second mechanism, sometimes called a triggered update, happens whenever a node notices a link failure or receives an update from one of its neighbors that causes it to change one of the routes in its routing table.",same_sentence,RP-3.4-320,y,False
PR153,P2_extra_strict,c_edge,c_physical_footprint,edge,physical footprint,2-perspective-race-to-the-edge,"On the other hand, network operators believe that by building the next generation access network using cloud technology, they will be able to co-locate edge applications in the access network. This scenario comes with built-in advantages: an existing and widely distributed physical footprint, existing operational support, and native support for both mobility and guaranteed service.",adjacent_sentences,,x,
PR154,P1_extra,c_network_address,c_802_11_frame_format,network address,802.11 frame format,2.7,"The peculiar thing about the 802.11 frame format is that it contains four, rather than two, addresses.",same_sentence,RP-2.7-513,y,False
PR155,P0,c_frame,c_sts_1,frame,STS-1,2.3,"So the question to ask is “How does the receiver know where each frame starts and ends?” We consider this question for the lowest-speed SONET link, which is known as STS-1 and runs at 51.84 Mbps.",same_sentence,RP-2.3-2,x,
PR156,P0,c_source_route_option,c_internet_protocol,source route option,Internet Protocol,3.1,"the Internet Protocol, which is a datagram protocol, includes a source route option",same_sentence,RP-3.1-620,x,
PR157,P2_extra_strict,c_internet_architecture,c_network,Internet architecture,network,1.3,"First, as best illustrated by Figure, the Internet architecture does not imply strict layering. The application is free to bypass the defined transport layers and to directly use IP or one of the underlying networks.",adjacent_sentences,,y,
PR158,P2_extra_strict,c_terminals,c_video_signals,terminals,video signals,1-problem-building-a-network,"Other important networks include the voice telephone network and the cable TV network used to disseminate video signals. The main things these networks have in common are that they are specialized to handle one particular kind of data (keystrokes, voice, or video) and they typically connect to special-purpose devices (terminals, hand receivers, and television sets).",adjacent_sentences,,y,
PR159,P2_extra_strict,c_host_to_host_connectivity,c_switch,host-to-host connectivity,switch,1.2,"In many cases, it is easiest to view the host-to-host connectivity of the underlying network as simply providing a bit pipe, with any high-level communication semantics provided at the end hosts. The advantage of this approach is that it keeps the switches in the middle of the network as simple as possible—they simply forward packets—but it requires the end hosts to take on much of the burden of supporting semantically rich process-to-process channels.",adjacent_sentences,,x,
PR160,P2_extra_strict,c_connection,c_fiber_to_the_home,connection,fiber-to-the-home,2.8,"In addition to the Ethernet and Wi-Fi connections we typically use to connect to the Internet at home, at work, at school, and in many public spaces, most of us connect to the Internet over an access or broadband service that we buy from an ISP. This section describes two such technologies: Passive Optical Networks (PON), commonly referred to as fiber-to-the-home, and Cellular Networks that connect our mobile devices.",adjacent_sentences,,y,
PR161,P2_extra_strict,c_buffer,c_operating_system,buffer,operating system,1.4,"Whereas a server usually listens for messages on a well-known port, a client typically does not care which port it uses for itself; the OS simply selects an unused one. Once a connection is established, the application processes invoke the following two operations to send and receive data:

The first operation sends the given message over the specified socket, while the second operation receives a message from the specified socket into the given buffer.",adjacent_sentences,,y,
PR162,P2_extra_strict,c_circuit_switching,c_link,circuit switching,link,1.2,"In contrast, a circuit-switched network first establishes a dedicated circuit across a sequence of links and then allows the source node to send a stream of bits across this circuit to a destination node. The major reason for using packet switching rather than circuit switching in a computer network is efficiency, discussed in the next subsection.",adjacent_sentences,,x,
PR163,P1_extra,c_digital_libraries,c_computer,digital libraries,computer,1.2,"For example, the Association for Computing Machinery (ACM) operates a large digital library of computer science literature at

This library has a wide range of searching and browsing features to help users find the articles they want, but ultimately much of what it does is respond to user requests for files, such as electronic copies of journal articles.",same_sentence,RP-1.2-434,x,False
PR164,P2_extra_strict,c_identifier,c_per_packet_overhead,identifier,per-packet overhead,3.1,"-  While the connection request contains the full address for host B (which might be quite large, being a global identifier on the network), each data packet contains only a small identifier, which is only unique on one link. Thus, the per-packet overhead caused by the header is reduced relative to the datagram model.",adjacent_sentences,,y,
PR165,P0,c_unix_pipe_facility,c_domain_argument,Unix pipe facility,domain argument,1.4,"Specifically, the domain argument specifies the protocol family that is going to be used: PF_INET denotes the Internet family, PF_UNIX denotes the Unix pipe facility, and PF_PACKET denotes direct access to the network interface (i.e., it bypasses the TCP/IP protocol stack).",same_sentence,RP-1.4-215,y,
PR166,P2_extra_strict,c_internet_radio,c_streaming_session,Internet radio,streaming session,1.1,"Services such as video on demand and Internet radio use this technology. While we frequently start at a website to initiate a streaming session, the delivery of audio and video has some important differences from fetching a simple web page of text and images.",adjacent_sentences,,y,
PR167,P0,c_network_management,c_self_healing_design,network management,self-healing design,1.2,"Network management has historically been a human-intensive aspect of networking, and while it is unlikely we'll get people entirely out of the loop, it is increasingly being addressed by automation and self-healing designs.",same_sentence,RP-1.2-553,x,
PR168,P0,c_shortest_path,c_path,shortest path,path,3.2,over the shortest path,same_sentence,RP-3.2-280,y,
PR169,P1_extra,c_frame,c_addr2,frame,Addr2,2.7,"With both bits set, Addr1 identifies the ultimate destination, Addr2 identifies the immediate sender (the one that forwarded the frame from the distribution system to the ultimate destination), Addr3 identifies the intermediate destination (the one that accepted the frame from a wireless node and forwarded it across the distribution system), and Addr4 identifies the original source.",same_sentence,RP-2.7-541,y,False
PR170,P2_extra_strict,c_data_rate,c_open_shortest_path_first_protocol,data rate,Open Shortest Path First Protocol,3.5,"Thus, for example, a 16-port switch with this aggregate throughput would only be able to cope with an average data rate of about 1 Gbps on each port.\ [#]_

One final consideration is important to understand when evaluating switch implementations. The non-trivial algorithms discussed in this chapter—the spanning tree algorithm used by learning bridges, the distance-vector algorithm used by RIP, and the link-state algorithm used by OSPF—are not directly part of the per-packet forwarding decision.",adjacent_sentences,,y,
PR171,P1_extra,c_physical_media,c_scalable_network,physical media,scalable network,2-problem-connecting-to-a-network,"We will examine what it takes to make a wide variety of different physical media and link technologies useful as building blocks for the construction of robust, scalable networks.",same_sentence,RP-2-problem-connecting-to-a-network-124,y,False
PR172,P2_extra_strict,c_cell,c_scalability,cell,scalability,3.1,"This second reason, the enabling of parallelism, greatly improves the scalability of switch designs. It would be overstating the case to say that fast parallel hardware switches can only be built using fixed-length cells.",adjacent_sentences,,x,
PR173,P0,c_message,c_switch,message,switch,3.2,The ID for the switch that is sending the message.,same_sentence,RP-3.2-6,y,
PR174,P0,c_overlay_network,c_local_area_network,overlay network,local area network,3-perspective-virtual-networks-all-the-way-down,a VXLAN-based virtual network (which is often referred to as an overlay network) runs on top of an IP-based network,anchor_derived,AP-739,y,
PR175,P1_extra,c_coaxial,c_ethernet_segment,coaxial,Ethernet segment,2.6,"2.6.1 Physical Properties

Ethernet segments were originally implemented using coaxial cable of length up to 500 m.",same_sentence,RP-2.6-316,x,False
PR176,P0,c_amplitude,c_frequency,amplitude,frequency,2.1,"varying the frequency, amplitude, or phase of the signal",same_sentence,RP-2.1-138,x,
PR177,P0,c_transport_layer,c_process_to_process_channel,transport layer,process-to-process channel,1.3,The transport layer then implements what we have up to this point been calling a process-to-process channel.,same_sentence,RP-1.3-250,y,
PR178,P2_extra_strict,c_internet_family,c_type_argument,Internet family,type argument,1.4,"Specifically, the domain argument specifies the protocol family that is going to be used: PF_INET denotes the Internet family, PF_UNIX denotes the Unix pipe facility, and PF_PACKET denotes direct access to the network interface (i.e., it bypasses the TCP/IP protocol stack). The type argument indicates the semantics of the communication.",adjacent_sentences,,x,
PR179,P2_extra_strict,c_name_space,c_presentation_layer,name space,presentation layer,1.3,"Below that, the presentation layer is concerned with the format of data exchanged between peers—for example, whether an integer is 16, 32, or 64 bits long, whether the most significant byte is transmitted first or last, or how a video stream is formatted. Finally, the session layer provides a name space that is used to tie together the potentially different transport streams that are part of a single application.",adjacent_sentences,,y,
PR180,P0,c_queuing_delay,c_delay,queuing delay,delay,1.5,there may be queuing delays inside the network,same_sentence,RP-1.5-301,x,
PR181,P2_extra_strict,c_ethernet,c_protocol_stack,Ethernet,protocol stack,2.1,"Sometimes this link will be a wireless (Wi-Fi) link in a coffee shop; sometimes it’s an Ethernet link in an office building or university; sometimes it is a smartphone connected to a cellular network; for an increasingly large slice of the population it is a fiber optic link provided by an ISP; and many others use some sort of copper wire or cable to connect. Fortunately, there are many common strategies used on these seemingly disparate types of links so that they can all be made reliable and useful to higher layers in the protocol stack.",adjacent_sentences,,y,
PR182,P1_extra,c_network,c_coaxial,network,coaxial,1.2,"At the lowest level, a network can consist of two or more computers directly connected by some physical medium, such as a coaxial cable or an optical fiber.",same_sentence,RP-1.2-177,x,False
PR183,P1_extra,c_switch,c_field,switch,field,3.1,"The reason for breaking the field into two parts was to allow for a level of hierarchy: All the circuits with the same VPI could, in some cases, be treated as a group (a virtual path) and could all be switched together looking only at the VPI, simplifying the work of a switch that could ignore all the VCI bits and reducing the size of the VC table considerably.",same_sentence,RP-3.1-451,y,False
PR184,P1_extra,c_host,c_transport_protocol,host,transport protocol,3.3,"Should the transport protocol that sits on top of IP give IP a packet larger than the local MTU, however, then the source host must fragment it.",same_sentence,RP-3.3-581,y,False
PR185,P2_extra_strict,c_quadrature_amplitude_modulation,c_resource_element,Quadrature Amplitude Modulation,Resource Element,2.8,"The minimal schedulable unit, called a Resource Element (RE), corresponds to a 15kHz-wide band around one subcarrier frequency and the time it takes to transmit one OFDMA symbol. The number of bits that can be encoded in each symbol depends on the modulation rate, so for example using Quadrature Amplitude Modulation (QAM), 16-QAM yields 4 bits per symbol and 64-QAM yields 6 bits per symbol.",adjacent_sentences,,y,
PR186,P0,c_ieee_802_15_1,c_bluetooth,IEEE 802.15.1,Bluetooth,2.7,The IEEE 802.15.1 standard is based on Bluetooth,same_sentence,RP-2.7-584,x,
PR187,P1_extra,c_switch,c_electrical_interference,switch,electrical interference,1.2,"Machines crash and later are rebooted, fibers are cut, electrical interference corrupts bits in the data being transmitted, switches run out of buffer space, and, as if these sorts of physical problems aren’t enough to worry about, the software that manages the hardware may contain bugs and sometimes forwards packets into oblivion.",same_sentence,RP-1.2-502,x,False
PR188,P1_extra,c_switch,c_packet_stream,switch,packet stream,1.2,"Also, notice in Figure that since the switch has to multiplex three incoming packet streams onto one outgoing link, it is possible that the switch will receive packets faster than the shared link can accommodate.",same_sentence,RP-1.2-399,x,False
PR189,P0,c_tap,c_cable,tap,cable,2.6,"Ethernet segments were originally implemented using coaxial cable of length up to 500 m. (Modern Ethernets use twisted copper pairs, usually a particular type known as “Category 5,” or optical fibers, and in some cases can be quite a lot longer than 500 m.) This cable was similar to the type used for cable TV. Hosts connected to an Ethernet segment by tapping into it. A transceiver, a small device directly attached to the tap",anchor_derived,AP-356,y,
PR190,P2_extra_strict,c_32_bit_word,c_byte,32-bit word,byte,3.3,"Thus, the common way of representing them (used in Internet Requests for Comments, for example) is to draw them as a succession of 32-bit words. The top word is the one transmitted first, and the leftmost byte of each word is the one transmitted first.",adjacent_sentences,,x,
PR191,P2_extra_strict,c_bridge,c_destination,bridge,destination,3-problem-not-all-networks-are-directly-connected,These switches are also sometimes called bridges. The core job of a switch is to take packets that arrive on an input and forward (or switch) them to the right output so that they will reach their appropriate destination.,adjacent_sentences,,y,
PR192,P1_extra,c_network,c_radio_spectrum,network,radio spectrum,2.8,"This difference is rooted in each system’s fundamental assumption about utilization: Wi-Fi assumes a lightly loaded network (and hence optimistically transmits when the wireless link is idle and backs off if contention is detected), while cellular networks assume (and strive for) high utilization (and hence explicitly assign different users to different “shares” of the available radio spectrum).",same_sentence,RP-2.8-268,x,False
PR193,P1_extra,c_hardware,c_internet_protocol,hardware,Internet Protocol,3.3,"The main issue is that IP datagrams contain IP addresses, but the physical interface hardware on the host or router to which you want to send the datagram only understands the addressing scheme of that particular network.",same_sentence,RP-3.3-389,y,False
PR194,P0,c_multi_tier_cloud,c_cloud,multi-tier cloud,cloud,2-perspective-race-to-the-edge,a multi-tier cloud similar to the one shown in Figure,anchor_derived,AP-473,y,
PR195,P1_extra,c_host,c_request_reply_protocol,host,request/reply protocol,1.3,"In this example, suppose that the file access program on host 1 wants to send a message to its peer on host 2 using the communication service offered by RRP.",same_sentence,RP-1.3-8,x,False
PR196,P2_extra_strict,c_central_office,c_user_plane,Central Office,user plane,2.8,"The EPC has multiple subcomponents, including an MME (Mobility Management Entity), an HSS (Home Subscriber Server), and an S/PGW (Session/Packet Gateway) pair; the first tracks and manages the movement of UEs throughout the RAN, the second is a database that contains subscriber-related information, and the Gateway pair processes and forwards packets between the RAN and the Internet (it forms the EPC’s user plane). We say “one possible configuration” because the cellular standards allow wide variability in how many S/PGWs a given MME is responsible for, making it possible for a single MME to manage mobility across a wide geographic area that is served by multiple Central Offices.",adjacent_sentences,,y,
PR197,P2_extra_strict,c_interference,c_wireless_link,interference,wireless link,2.7,"Unlike wired links, power is a big issue for wireless, especially because wireless links are often used by small mobile devices (like phones and sensors) that have limited access to power (e.g., a small battery). Furthermore, you can’t go blasting away at arbitrarily high power with a radio transmitter—there are concerns about interference with other devices and usually regulations about how much power a device may emit at any given frequency.",adjacent_sentences,,x,
PR198,P1_extra,c_header,c_list_of_ports,header,list of ports,3.1,"Thus, the original header when the packet leaves host A contains the list of ports (3, 0, 1), where we assume that each switch reads the rightmost element of the list.",same_sentence,RP-3.1-589,x,False
PR199,P2_extra_strict,c_point_to_point_link,c_sequence_number,point-to-point link,sequence number,2.5,"Also note that the relationship between the window size and the sequence number space depends on an assumption that is so obvious that it is easy to overlook, namely that frames are not reordered in transit. This cannot happen on a direct point-to-point link since there is no way for one frame to overtake another during transmission.",adjacent_sentences,,y,
PR200,P1_extra,c_internet,c_transport_protocol,Internet,transport protocol,1.3,"In the language of the Internet, TCP and UDP are sometimes called end-to-end protocols, although it is equally correct to refer to them as transport protocols.",same_sentence,RP-1.3-334,x,False
PR201,P0,c_addressing,c_network_address,addressing,network address,3-perspective-virtual-networks-all-the-way-down,notably addressing and routing tables,anchor_derived,AP-74,y,
PR202,P0,c_protocol_graph,c_protocol,protocol graph,protocol,1.3,the suite of protocols that make up a network system with a protocol graph,same_sentence,RP-1.3-33,y,
PR203,P0,c_shift_register,c_cyclic_redundancy_check,shift register,cyclic redundancy check,2.4,"the CRC algorithm, while seemingly complex, is easily implemented in hardware using a k\ -bit shift register and XOR gates",same_sentence,RP-2.4-224,x,
PR204,P2_extra_strict,c_802_11_wi_fi_standard,c_xor_gate,802.11 Wi-Fi standard,XOR gate,2.4,"FEC is commonly used in wireless networks such as 802.11. Finally, we note that the CRC algorithm, while seemingly complex, is easily implemented in hardware using a k\ -bit shift register and XOR gates.",adjacent_sentences,,y,
PR205,P2_extra_strict,c_store_and_forward,c_stream_of_bits,store-and-forward,stream of bits,1.2,"As the name suggests, each node in a store-and-forward network first receives a complete packet over some link, stores the packet in its internal memory, and then forwards the complete packet to the next node. In contrast, a circuit-switched network first establishes a dedicated circuit across a sequence of links and then allows the source node to send a stream of bits across this circuit to a destination node.",adjacent_sentences,,y,
PR206,P1_extra,c_domain_specific_processor,c_network_processor_unit,domain-specific processor,Network Processor Unit,3.5,"The key difference from the earlier implementation on a general-purpose processor is the addition of a Network Processor Unit (NPU), a domain-specific processor with an architecture and instruction set that has been optimized for processing packet headers (i.e., for implementing the data plane).",same_sentence,RP-3.5-284,y,False
PR207,P0,c_reliable_message_delivery,c_message,reliable message delivery,message,1.2,reliable message delivery is one of the most important functions that a network can provide,anchor_derived,AP-78,y,
PR208,P1_extra,c_flags,c_offset,flags,Offset,3.3,"The router sets the M bit in the Flags field (see Figure), meaning that there are more fragments to follow, and it sets the Offset to 0, since this fragment contains the first part of the original datagram.",same_sentence,RP-3.3-628,x,False
PR209,P0,c_frequency_hopping,c_pseudorandom_number_generator,frequency hopping,pseudorandom number generator,2.7,"As with frequency hopping, the sequence of random bits is generated by a pseudorandom number generator known to both the sender and the receiver.",same_sentence,RP-2.7-617,y,
PR210,P1_extra,c_virtual_private_network,c_virtualize,virtual private network,virtualize,3-perspective-virtual-networks-all-the-way-down,"VPNs, however, only virtualize a few resources, notably addressing and routing tables.",same_sentence,RP-3-perspective-virtual-networks-all-the-way-down-35,y,False
PR211,P1_extra,c_application,c_subscriber,application,subscriber,1-perspective-feature-velocity,"Of these, the marketplace is the most influential, and corresponds to the interplay between network operators (e.g., AT&T, Comcast, Verizon, DT, NTT, China Unicom), network equipment vendors (e.g., Cisco, Juniper, Ericsson, Nokia, Huawei, NEC), application and service providers (e.g., Facebook, Google, Amazon, Microsoft, Apple, Netflix, Spotify), and of course, subscribers and customers (i.e., individuals, but also enterprises and businesses).",same_sentence,RP-1-perspective-feature-velocity-26,y,False
PR212,P2_extra_strict,c_bit,c_session_packet_gateway,bit,Session/Packet Gateway,2.8,"Figure depicts one possible configuration of the end-to-end scenario, with a few additional bits of detail. The EPC has multiple subcomponents, including an MME (Mobility Management Entity), an HSS (Home Subscriber Server), and an S/PGW (Session/Packet Gateway) pair; the first tracks and manages the movement of UEs throughout the RAN, the second is a database that contains subscriber-related information, and the Gateway pair processes and forwards packets between the RAN and the Internet (it forms the EPC’s user plane).",adjacent_sentences,,y,
PR213,P2_extra_strict,c_leased_line,c_packet,leased line,packet,3.3,"A virtual circuit (VC) is a very reasonable replacement for a leased line because it still provides a logical point-to-point connection between the corporation’s sites. For example, if corporation X has a VC from site A to site B, then clearly it can send packets between sites A and B.",adjacent_sentences,,y,
PR214,P2_extra_strict,c_circuit,c_internal_memory,circuit,internal memory,1.2,"As the name suggests, each node in a store-and-forward network first receives a complete packet over some link, stores the packet in its internal memory, and then forwards the complete packet to the next node. In contrast, a circuit-switched network first establishes a dedicated circuit across a sequence of links and then allows the source node to send a stream of bits across this circuit to a destination node.",adjacent_sentences,,y,
PR215,P2_extra_strict,c_host,c_message_stream_protocol,host,message stream protocol,1.3,"For example, Figure illustrates a protocol graph for the hypothetical layered system we have been discussing—protocols RRP (Request/Reply Protocol) and MSP (Message Stream Protocol) implement two different types of process-to-process channels, and both depend on the Host-to-Host Protocol (HHP) which provides a host-to-host connectivity service. In this example, suppose that the file access program on host 1 wants to send a message to its peer on host 2 using the communication service offered by RRP.",adjacent_sentences,,x,
PR216,P2_extra_strict,c_802_11_wi_fi_standard,c_power,802.11 Wi-Fi standard,power,2.7,"Other important differences include which part of the electromagnetic spectrum they use (including whether it requires a license) and how much power they consume. In this section, we discuss two prominent wireless technologies: Wi-Fi (more formally known as 802.11), and Bluetooth.",adjacent_sentences,,y,
PR217,P1_extra,c_router,c_link_level_protocol,router,link-level protocol,3.4,"First, the transmission of LSPs between adjacent routers is made reliable using acknowledgments and retransmissions just as in the reliable link-layer protocol.",same_sentence,RP-3.4-771,x,False
PR218,P2_extra_strict,c_24_bit_color,c_data,24-bit color,data,1.5,"If each pixel is represented by 24 bits of information, as would be the case for 24-bit color, then the size of each frame would be (352 × 240 × 24) / 8 = 247.5 KB If the application needs to support a frame rate of 30 frames per second, then it might request a throughput rate of 75 Mbps. The ability of the network to provide more bandwidth is of no interest to such an application because it has only so much data to transmit in a given period of time.",adjacent_sentences,,y,
PR219,P0,c_xor_gate,c_cyclic_redundancy_check,XOR gate,cyclic redundancy check,2.4,"the CRC algorithm, while seemingly complex, is easily implemented in hardware using a k\ -bit shift register and XOR gates",same_sentence,RP-2.4-225,y,
PR220,P2_extra_strict,c_physical_link,c_wi_fi_network,physical link,Wi-Fi network,1.2,"(Sometimes a node is a more specialized piece of hardware rather than a computer, but we overlook that distinction for the purposes of this discussion.) As illustrated in Figure, physical links are sometimes limited to a pair of nodes (such a link is said to be point-to-point), while in other cases more than two nodes may share a single physical link (such a link is said to be multiple-access). Wireless links, such as those provided by cellular networks and Wi-Fi networks, are an important class of multiple-access links.",adjacent_sentences,,x,
PR221,P1_extra,c_virtual_circuit_identifier,c_generic_flow_control_bits,virtual circuit identifier,generic flow control bits,3.1,"We’ll skip the generic flow control (GFC) bits, which never saw much use, and start with the 24 bits that are labelled VPI (virtual path identifier—8 bits) and VCI (virtual circuit identifier—16 bits).",same_sentence,RP-3.1-439,x,False
PR222,P1_extra,c_internet_of_things,c_immersive_user_interface,Internet-of-Things,Immersive User Interface,2-perspective-race-to-the-edge,"Their goal is to enable new classes of edge services—e.g., Public Safety, Autonomous Vehicles, Automated Factories, Internet-of-Things (IoT), Immersive User Interfaces—that benefit from low latency connectivity to end users, and more importantly, to the increasing number of devices those users surround themselves with.",same_sentence,RP-2-perspective-race-to-the-edge-234,x,False
PR223,P1_extra,c_burst_error,c_single_bit_error,burst error,single-bit error,2.4,"In general, it is possible to prove that the following types of errors can be detected by a C(x) with the stated properties:

- All single-bit errors, as long as the x^{k} and x^{0} terms have nonzero coefficients

- All double-bit errors that are j bits apart, as long as the x^{0} term is nonzero and C(x) does not divide evenly into x^{j} + 1

- Any odd number of errors, as long as C(x) contains the factor (x + 1)

- Any “burst” error (i.e., sequence of consecutive errored bits) for which the length of the burst is less than k bits (Most burst errors of length greater than k bits can also be detected.)

Six versions of C(x) are widely used in link-level protocols.",same_sentence,RP-2.4-165,y,False
PR224,P0,c_forwarding,c_packet,forwarding,packet,3.5,"Such a device, running suitable software, can receive packets on one of its interfaces, perform any of the switching or forwarding functions described in this chapter, and send packets out another of its interfaces.",same_sentence,RP-3.5-2,y,
PR225,P1_extra,c_packet,c_protocol_field,packet,Protocol field,3.3,The Protocol field is simply a demultiplexing key that identifies the higher-level protocol to which this IP packet should be passed.,same_sentence,RP-3.3-517,x,False
PR226,P2_extra_strict,c_radio_spectrum,c_service_provider,radio spectrum,service provider,2.8,"Like Wi-Fi, cellular networks transmit data at certain bandwidths in the radio spectrum. Unlike Wi-Fi, which permits anyone to use a channel at either 2.4 or 5 GHz (all you have to do is set up a base station, as many of us do in our homes), exclusive use of various frequency bands have been auctioned off and licensed to service providers, who in turn sell mobile access service to their subscribers.",adjacent_sentences,,x,
PR227,P2_extra_strict,c_electromagnetic_spectrum,c_signal,electromagnetic spectrum,signal,2.1,"We have already seen the example of a voice-grade telephone line, which carries continuous electromagnetic signals ranging between 300 Hz and 3300 Hz; a 300-Hz wave traveling through copper would have a wavelength of

Generally, electromagnetic waves span a much wider range of frequencies, ranging from radio waves, to infrared light, to visible light, to x-rays and gamma rays. Figure depicts the electromagnetic spectrum and shows which media are commonly used to carry which frequency bands.",adjacent_sentences,,x,
PR228,P2_extra_strict,c_encoding,c_quadrature_amplitude_modulation,encoding,Quadrature Amplitude Modulation,2.2,"QAM (Quadrature Amplitude Modulation) is widely used example of such a modulation scheme. A final encoding that we consider, called 4B/5B, attempts to address the inefficiency of the Manchester encoding without suffering from the problem of having extended durations of high or low signals.",adjacent_sentences,,y,
PR229,P2_extra_strict,c_icmp_redirect,c_network,ICMP-Redirect,network,3.3,"ICMP-Redirects are used in the following situation. Suppose a host is connected to a network that has two routers attached to it, called R1 and R2, where the host uses R1 as its default router.",adjacent_sentences,,y,
PR230,P0,c_ietf_culture,c_internet_engineering_task_force,IETF culture,Internet Engineering Task Force,1.3,of the IETF culture,anchor_derived,AP-159,y,
PR231,P2_extra_strict,c_delay,c_physical_link,delay,physical link,1.5,"If the spacing between when packets arrive at the destination—sometimes called the inter-packet gap—is variable, however, then the delay experienced by the sequence of packets must have also been variable, and the network is said to have introduced jitter into the packet stream, as shown in Figure. Such variation is generally not introduced in a single physical link, but it can happen when packets experience different queuing delays in a multihop packet-switched network.",adjacent_sentences,,x,
PR232,P0,c_sonet,c_4g,SONET,4G,2-problem-connecting-to-a-network,This chapter considers these issues in the context of specific network technologies: point-to-point fiber links (for which SONET is the prevalent example); Carrier Sense Multiple Access (CSMA) networks (of which classical Ethernet and Wi-Fi are the most famous examples); fiber-to-the home (for which PON is the dominant standard); and mobile wireless (where 4G is rapidly morphing into 5G).,same_sentence,RP-2-problem-connecting-to-a-network-104,x,
PR233,P0,c_bootp,c_dynamic_host_configuration_protocol,BOOTP,Dynamic Host Configuration Protocol,3.3,DHCP is derived from an earlier protocol called BOOTP,same_sentence,RP-3.3-1152,y,
PR234,P0,c_g_pon,c_pon,G-PON,PON,2.8,G-PON (Gigabit-PON) is the most widely deployed today,anchor_derived,AP-438,x,
PR235,P2_extra_strict,c_network_management,c_vc_table,network management,VC table,3.1,"In real networks of reasonable size, the burden of configuring VC tables correctly in a large number of switches would quickly become excessive using the above procedures. Thus, either a network management tool or some sort of signalling (or both) is almost always used, even when setting up “permanent” VCs.",adjacent_sentences,,x,
PR236,P1_extra,c_abstraction,c_linux,abstraction,Linux,3.5,"Like a server operating system (e.g., Linux, iOS, Android, Windows) that provides a set of high-level abstractions that make it easier to implement applications (e.g., you can read and write files instead of directly accessing disk drives), a NOS makes it easier to implement network control functionality, otherwise known as Control Apps.",same_sentence,RP-3.5-547,x,False
PR237,P0,c_internet_protocol,c_protocol,Internet Protocol,protocol,3.3,The next layer consists of a single protocol—the Internet Protocol (IP).,same_sentence,RP-3.3-29,y,
PR238,P0,c_bluetooth_special_interest_group,c_bluetooth,Bluetooth Special Interest Group,Bluetooth,2.7,Bluetooth is specified by an industry consortium called the Bluetooth Special Interest Group.,same_sentence,RP-2.7-569,y,
PR239,P0,c_repeater,c_hub,repeater,hub,2.6,"Multiple Ethernet segments can be joined together by repeaters (or a multi-port variant of a repeater, called a hub).",same_sentence,RP-2.6-20,x,
PR240,P1_extra,c_message,c_unreliable_datagram_delivery_channel,message,unreliable datagram delivery channel,1.3,"TCP and UDP provide alternative logical channels to application programs: TCP provides a reliable byte-stream channel, and UDP provides an unreliable datagram delivery channel (datagram may be thought of as a synonym for message).",same_sentence,RP-1.3-309,x,False
PR241,P1_extra,c_frame,c_seed,frame,seed,2.7,"The receiver uses the same algorithm as the sender and initializes it with the same seed; hence, it is able to hop frequencies in sync with the transmitter to correctly receive the frame.",same_sentence,RP-2.7-207,x,False
PR242,P1_extra,c_bandwidth,c_radio,bandwidth,radio,2.7,"This means that Bluetooth radios can use quite low power transmission, since transmission power is one of the main factors affecting bandwidth and range of wireless links.",same_sentence,RP-2.7-559,y,False
PR243,P1_extra,c_retransmission,c_departtime,retransmission,DepartTime,3.4,"In this case, DepartTime - ArrivalTime captures the reliability of the link—the more frequent the retransmission of packets, the less reliable the link, and the more we want to avoid it.",same_sentence,RP-3.4-682,y,False
PR244,P0,c_sender,c_message,sender,message,2.4,One is to notify the sender that the message was corrupted so that the sender can retransmit a copy of the message.,same_sentence,RP-2.4-6,y,
PR245,P2_extra_strict,c_optical_fiber,c_packet,optical fiber,packet,2.1,"By the end of this chapter, we’ll understand how to send complete packets over just about any sort of link, no matter what physical medium is involved. One way to characterize links, then, is by the medium they use—typically, copper wire in some form, such as twisted pair (some Ethernets and landline phones) and coaxial (cable); optical fiber, which is used for both fiber-to-the-home and many long-distance links in the Internet’s backbone; or air/free space for wireless links.",adjacent_sentences,,x,
PR246,P0,c_routing_update,c_routing,routing update,routing,3.4,when a node sends a routing update to its neighbors,anchor_derived,AP-673,x,
PR247,P1_extra,c_network_topology,c_output,network topology,output,3.4,So far in this chapter we have assumed that the switches and routers have enough knowledge of the network topology so they can choose the right port onto which each packet should be output.,same_sentence,RP-3.4-182,y,False
PR248,P2_extra_strict,c_congestion,c_link,congestion,link,1.2,"A more likely reason, however, is that one of the nodes that has to handle the packet—for example, a switch that is forwarding it from one link to another—is so overloaded that it has no place to store the packet and therefore is forced to drop it. This is the problem of congestion just discussed.",adjacent_sentences,,x,
PR249,P1_extra,c_receiver,c_in_flight,receiver,in flight,1.5,"The bits in the pipe are said to be “in flight,” which means that if the receiver tells the sender to stop transmitting it might receive up to one RTT × bandwidth’s worth of data before the sender manages to respond.",same_sentence,RP-1.5-190,x,False
PR250,P1_extra,c_service,c_commodity_component,service,commodity component,1-perspective-feature-velocity,"The most notable examples are the large cloud providers, who (a) build their own networking equipment using commodity components, (b) deploy and operate their own networks, and (c) provide end-user services and applications on top of their networks.",same_sentence,RP-1-perspective-feature-velocity-174,y,False
PR251,P0,c_node,c_active_scanning,node,active scanning,2.7,The mechanism just described is called active scanning since the node is actively searching for an access point.,same_sentence,RP-2.7-441,x,
PR252,P2_extra_strict,c_networking_industry,c_open_shortest_path_first_protocol,networking industry,Open Shortest Path First Protocol,3.5,"In fact, it was the early stages of SDN that triggered the networking industry to move towards bare-metal switches. The fundamental idea of SDN is one we’ve already discussed: to decouple the network control plane (i.e., where routing algorithms like RIP, OSPF, and BGP run) from the network data plane (i.e., where packet forwarding decisions get made), with the former moved into software running on commodity servers and the latter implemented by bare-metal switches.",adjacent_sentences,,x,
PR253,P0,c_data,c_physical_link,data,physical link,1.2,"Similarly, data being sent by multiple users can be multiplexed over the physical links that make up a network.",same_sentence,RP-1.2-9,x,
PR254,P1_extra,c_bridgeentry,c_mapcreate,BridgeEntry,mapCreate,3.2,"Structure BridgeEntry defines a single entry in the bridge’s forwarding table; these are stored in a Map structure (which supports mapCreate, mapBind, and mapResolve operations) to enable entries to be efficiently located when packets arrive from sources already in the table.",same_sentence,RP-3.2-196,y,False
PR255,P1_extra,c_safari,c_netscape,Safari,Netscape,1.3,"To understand the difference between an application layer protocol and an application, think of all the different World Wide Web browsers that are or have been available (e.g., Firefox, Chrome, Safari, Netscape, Mosaic, Internet Explorer).",same_sentence,RP-1.3-384,y,False
PR256,P1_extra,c_frame,c_repeater,frame,repeater,3.2,(Recall that no more than four repeaters between any pair of hosts and no more than a total of 2500 m in length are allowed.) An alternative would be to put a node with a pair of Ethernet adaptors between the two Ethernets and have the node forward frames from one Ethernet to the other.,same_sentence,RP-3.2-68,x,False
PR257,P0,c_receiver,c_frame,receiver,frame,2.5,"Recall that by “lost” we mean that the frame was corrupted while in transit, that this corruption was detected by an error code on the receiver, and that the frame was subsequently discarded.",same_sentence,RP-2.5-4,x,
PR258,P2_extra_strict,c_arpanet,c_department,ARPANET,department,1.3,"Department of Defense. The Internet and ARPANET were around before the OSI architecture, and the experience gained from building them was a major influence on the OSI reference model.",adjacent_sentences,,x,
PR259,P2_extra_strict,c_hop,c_network_adaptor,hop,network adaptor,3.3,"Thus, for example, when R2 needs to forward a packet to network 2, it not only finds that the next hop is R1, but also finds the MAC address to place on the packet to send it to R1. 3.3.7 Host Configuration (DHCP)

Ethernet addresses are configured into the network adaptor by the manufacturer, and this process is managed in such a way to ensure that these addresses are globally unique.",adjacent_sentences,,x,
PR260,P0,c_transceiver,c_device,transceiver,device,2.6,"A transceiver, a small device directly attached to the tap",same_sentence,RP-2.6-127,y,
PR261,P2_extra_strict,c_application,c_connectivity,application,connectivity,1.2,"Intuitively, we view the network as providing logical channels over which application-level processes can communicate with each other; each channel provides the set of services required by that application. In other words, just as we use a cloud to abstractly represent connectivity among a set of computers, we now think of a channel as connecting one process to another.",adjacent_sentences,,x,
PR262,P0,c_bgp,c_routing_algorithm,BGP,routing algorithm,3.5,"routing algorithms like RIP, OSPF, and BGP run",same_sentence,RP-3.5-402,y,
PR263,P0,c_address_space,c_classless_interdomain_routing,address space,Classless Interdomain Routing,3.3,"In essence, subnetting only allows us to split a classful address among multiple subnets, while CIDR allows us to coalesce several classful addresses into a single “supernet.” This further tackles the address space inefficiency noted above, and does so in a way that keeps the routing system from being overloaded.",same_sentence,RP-3.3-843,x,
PR264,P1_extra,c_dle,c_byte_boundary,DLE,byte boundary,2.3,"Because this sequence might appear anywhere in the body of the frame—in fact, the bits 01111110 might cross byte boundaries—bit-oriented protocols use the analog of the DLE character, a technique known as bit stuffing.",same_sentence,RP-2.3-213,y,False
PR265,P0,c_negative_acknowledgment,c_frame,negative acknowledgment,frame,2.5,the receiver could have sent a negative acknowledgment (NAK) for frame 6,same_sentence,RP-2.5-180,x,
PR266,P2_extra_strict,c_carrier,c_computer,carrier,computer,2.6,"The “carrier sense” in CSMA/CD means that all the nodes can distinguish between an idle and a busy link, and “collision detect” means that a node listens as it transmits and can therefore detect when a frame it is transmitting has interfered (collided) with a frame transmitted by another node. The Ethernet has its roots in an early packet radio network, called Aloha, developed at the University of Hawaii to support computer communication across the Hawaiian Islands.",adjacent_sentences,,y,
PR267,P0,c_node,c_edge_cost,node,edge cost,3.4,"It is more accurate to make the edges directed, which typically means that there would be a pair of edges between each node—one flowing in each direction, and each with its own edge cost.",same_sentence,RP-3.4-102,x,
PR268,P2_extra_strict,c_control_plane,c_vendor,control plane,vendor,3.5,"The exact same control plane software stack used in a software switch still runs on the control CPU, but in addition, data plane “programs” are loaded onto the NPU to reflect the forwarding decisions made by the control plane software. Exactly how one “programs” the NPU depends on the chip vendor, of which there are currently several.",adjacent_sentences,,x,
PR269,P2_extra_strict,c_ethernet_address,c_local_area_network,Ethernet address,local area network,3.3,"3.3.7 Host Configuration (DHCP)

Ethernet addresses are configured into the network adaptor by the manufacturer, and this process is managed in such a way to ensure that these addresses are globally unique. This is clearly a sufficient condition to ensure that any collection of hosts connected to a single Ethernet (including an extended LAN) will have unique addresses.",adjacent_sentences,,x,
PR270,P0,c_relay_agent,c_server,relay agent,server,3.3,"When a relay agent receives a DHCPDISCOVER message, it unicasts it to the DHCP server",anchor_derived,AP-642,x,
PR271,P1_extra,c_ttl,c_link_state_advertisement,TTL,link-state advertisement,3.4,"The LS Age is the equivalent of a time to live, except that it counts up and the LSA expires when the age reaches a defined maximum value.",same_sentence,RP-3.4-568,x,False
PR272,P2_extra_strict,c_divisor_polynomial,c_message,divisor polynomial,message,2.4,"For example, an 8-bit message consisting of the bits 10011010 corresponds to the polynomial

We can thus think of a sender and a receiver as exchanging polynomials with each other. For the purposes of calculating a CRC, a sender and receiver have to agree on a divisor polynomial, C(x).",adjacent_sentences,,y,
PR273,P2_extra_strict,c_byte_order,c_semwait,byte order,semWait,2.5,"The issue of byte order is a non-trivial issue, but for now it is enough to assume that this routine places the most significant bit of a multiword integer in the byte with the highest address. Another piece of complexity in this routine is the use of semWait and the sendWindowNotFull semaphore.",adjacent_sentences,,y,
PR274,P1_extra,c_forwarding,c_control_plane,forwarding,control plane,3.5,"The exact same control plane software stack used in a software switch still runs on the control CPU, but in addition, data plane “programs” are loaded onto the NPU to reflect the forwarding decisions made by the control plane software.",same_sentence,RP-3.5-54,y,False
PR275,P0,c_wire,c_electromagnetic_radiation,wire,electromagnetic radiation,2-problem-connecting-to-a-network,"The medium may be a length of wire, a piece of optical fiber, or some less tangible medium (such as air) through which electromagnetic radiation (e.g., radio waves) can be transmitted.",same_sentence,RP-2-problem-connecting-to-a-network-11,y,
PR276,P2_extra_strict,c_link,c_rip_version_1,link,RIP version 1,3.4,"RIP version 2 (RIPv2) also introduced the subnet masks described in an earlier section, whereas RIP version 1 worked with the old classful addresses of IP. As we will see below, it is possible to use a range of different metrics or costs for the links in a routing protocol.",adjacent_sentences,,y,
PR277,P0,c_connection,c_operation,connection,operation,1.4,"It is a blocking operation that does not return until a remote participant has established a connection, and when it does complete it returns a new socket that corresponds to this just-established connection, and the address argument contains the remote participant’s address.",same_sentence,RP-1.4-3,x,
PR278,P0,c_updatetable,c_forwarding_table,updateTable,forwarding table,3.2,The routine that updates the forwarding table when a new packet arrives is given by updateTable.,same_sentence,RP-3.2-206,y,
PR279,P1_extra,c_non_return_to_zero,c_sonet_frame,non-return to zero,SONET frame,2.3,"The overhead bytes of a SONET frame are encoded using NRZ, the simple encoding described in the previous section where 1s are high and 0s are low.",same_sentence,RP-2.3-298,x,False
PR280,P1_extra,c_frame,c_aloha_network,frame,Aloha network,2.6,"The answer for the Aloha network, which originally developed this style of protocol, was to divide time into discrete slots, with each slot corresponding to the length of time it takes to transmit a full frame.",same_sentence,RP-2.6-248,y,False
PR281,P0,c_link,c_network,link,network,1.2,"a network can consist of two or more computers directly connected by some physical medium, such as a coaxial cable or an optical fiber. We call such a physical medium a link",same_sentence,RP-1.2-18,y,
PR282,P0,c_hop_route,c_hop,hop route,hop,3.4,it always tries to find the minimum hop route,anchor_derived,AP-681,y,
PR283,P2_extra_strict,c_hierarchy,c_network_part,hierarchy,network part,3.3,"(In fact, Ethernet addresses do have a structure for the purposes of assignment—the first 24 bits identify the manufacturer—but this provides no useful information to routing protocols since this structure has nothing to do with network topology.)  In contrast, IP addresses are hierarchical, by which we mean that they are made up of several parts that correspond to some sort of hierarchy in the internetwork. Specifically, IP addresses consist of two parts, usually referred to as a network part and a host part.",adjacent_sentences,,y,
PR284,P1_extra,c_line,c_traffic,line,traffic,3.4,"While shedding some traffic from an overloaded line is a good idea, making it look so unattractive that it loses all its traffic is excessive.",same_sentence,RP-3.4-686,x,False
PR285,P1_extra,c_switch,c_round_robin,switch,round-robin,1.2,Another approach would be to transmit the packets from each of the different flows that are currently sending data through the switch in a round-robin manner.,same_sentence,RP-1.2-389,y,False
PR286,P2_extra_strict,c_cellular_network,c_network_address,cellular network,network address,3.2,"In particular, switches make use of the network’s frame header and so can support only networks that have exactly the same format for addresses. For example, switches can be used to connect Ethernet and 802.11-based networks to each other, since they share a common header format, but switches do not readily generalize to other kinds of networks with different addressing formats, such as ATM, SONET, PON, or the cellular network.",adjacent_sentences,,x,
PR287,P2_extra_strict,c_identifier,c_setup_message,identifier,setup message,3.1,"The virtual circuit table now has the following information: “When packets arrive on port 2 with identifier 5, send them out on port 1.” Another issue is that, somehow, host A will need to learn that it should put the VCI value of 5 in packets that it wants to send to B; we will see how that happens below. When switch 2 receives the setup message, it performs a similar process; in this example, it picks the value 11 as the incoming VCI value.",adjacent_sentences,,y,
PR288,P1_extra,c_signal,c_signalling_component,signal,signalling component,2.2,The network adaptor contains a signalling component that actually encodes bits into signals at the sending node and decodes signals into bits at the receiving node.,same_sentence,RP-2.2-129,y,False
PR289,P2_extra_strict,c_cost_weight,c_destination,cost (weight),destination,3.4,"The original ARPANET routing metric measured the number of packets that were queued waiting to be transmitted on each link, meaning that a link with 10 packets queued waiting to be transmitted was assigned a larger cost weight than a link with 5 packets queued for transmission. Using queue length as a routing metric did not work well, however, since queue length is an artificial measure of load—it moves packets toward the shortest queue rather than toward the destination, a situation all too familiar to those of us who hop from line to line at the grocery store.",adjacent_sentences,,y,
PR290,P2_extra_strict,c_identifier,c_version_field,identifier,Version field,3.4,"The Version field is currently set to 2, and the Type field may take the values 1 through 5. The SourceAddr identifies the sender of the message, and the AreaId is a 32-bit identifier of the area in which the node is located.",adjacent_sentences,,y,
PR291,P0,c_tentative_list,c_switch,Tentative list,switch,3.4,"each switch maintains two lists, known as Tentative and Confirmed",same_sentence,RP-3.4-471,x,
PR292,P0,c_application_layer_protocol,c_protocol,application layer protocol,protocol,1.3,Application layer protocols include things like the Hypertext Transfer Protocol,same_sentence,RP-1.3-395,y,
PR293,P0,c_access_point,c_base_station,access point,base station,2.7,802.11 calls these base stations access points (APs),same_sentence,RP-2.7-413,x,
PR294,P1_extra,c_bit,c_virtual_path,bit,virtual path,3.1,"The reason for breaking the field into two parts was to allow for a level of hierarchy: All the circuits with the same VPI could, in some cases, be treated as a group (a virtual path) and could all be switched together looking only at the VPI, simplifying the work of a switch that could ignore all the VCI bits and reducing the size of the VC table considerably.",same_sentence,RP-3.1-458,x,False
PR295,P2_extra_strict,c_cloud,c_purpose_built_appliance,cloud,purpose-built appliance,2-perspective-race-to-the-edge,"In response, network operators are actively transitioning from these purpose-built appliances to open software running on commodity servers, switches, and access devices. This initiative is often called CORD, which is an acronym for C\ entral O\ ffice R\ e-architected as a D\ atacenter, and as the name suggests, the idea is to build the Telco Central Office (or the Cable Head End, resulting in the acronym HERD) using exactly the same technologies as in the large datacenters that make up the cloud.",adjacent_sentences,,x,
PR296,P2_extra_strict,c_fiber,c_network,fiber,network,1.2,"Machines crash and later are rebooted, fibers are cut, electrical interference corrupts bits in the data being transmitted, switches run out of buffer space, and, as if these sorts of physical problems aren’t enough to worry about, the software that manages the hardware may contain bugs and sometimes forwards packets into oblivion. Thus, a major requirement of a network is to recover from certain kinds of failures, so that application programs don’t have to deal with them or even be aware of them.",adjacent_sentences,,y,
PR297,P0,c_path_mtu_discovery,c_maximum_transmission_unit,path MTU discovery,maximum transmission unit,3.3,"“path MTU discovery,” a process by which fragmentation is avoided by sending packets that are small enough to traverse the link with the smallest MTU",same_sentence,RP-3.3-669,x,
PR298,P2_extra_strict,c_spanning_tree_algorithm,c_subgraph,spanning tree algorithm,subgraph,3.2,"This problem is addressed by having the switches run a distributed spanning tree algorithm. If you think of the network as being represented by a graph that possibly has loops (cycles), then a spanning tree is a subgraph of this graph that covers (spans) all the vertices but contains no cycles.",adjacent_sentences,,x,
PR299,P0,c_datagram_network,c_internet_protocol,datagram network,Internet Protocol,3.4,"In datagram networks, including IP networks",anchor_derived,AP-514,y,
PR300,P1_extra,c_standard,c_virtual_extensible_lan,standard,Virtual Extensible LAN,3-perspective-virtual-networks-all-the-way-down,"To address this problem, another standard called Virtual Extensible LAN (VXLAN) was introduced.",same_sentence,RP-3-perspective-virtual-networks-all-the-way-down-161,x,False
PR301,P1_extra,c_port,c_destination_address,port,destination address,3.2,"In our example switched network, suppose that a packet enters switch S4 from Host C and that the destination address is one not yet in any switch's forwarding table: S4 sends a copy of the packet out its two other ports: to switches S1 and S6.",same_sentence,RP-3.2-243,x,False
PR302,P2_extra_strict,c_image,c_internet_radio,image,Internet radio,1.1,"Services such as video on demand and Internet radio use this technology. While we frequently start at a website to initiate a streaming session, the delivery of audio and video has some important differences from fetching a simple web page of text and images.",adjacent_sentences,,y,
PR303,P2_extra_strict,c_evolved_packet_core,c_network,Evolved Packet Core,network,2.8,"Like 802.11, cellular technology relies on the use of base stations that are connected to a wired network. In the case of the cellular network, the base stations are often called Broadband Base Units (BBU), the mobile devices that connect to them are usually referred to as User Equipment (UE), and the set of BBUs are anchored at an Evolved Packet Core (EPC) hosted in a Central Office.",adjacent_sentences,,y,
PR304,P2_extra_strict,c_internet_protocol,c_routing_protocol,Internet Protocol,routing protocol,3.4,"Routing Information Protocol (RIP)

One of the more widely used routing protocols in IP networks is the Routing Information Protocol (RIP). Its widespread use in the early days of IP was due in no small part to the fact that it was distributed along with the popular Berkeley Software Distribution (BSD) version of Unix, from which many commercial versions of Unix were derived.",adjacent_sentences,,y,
PR305,P1_extra,c_network,c_datacenter,network,datacenter,3.5,"This idea took off quickly in the cloud, where today’s cloud providers run SDN-based solutions both within their datacenters and across the backbone networks that interconnect their datacenters.",same_sentence,RP-3.5-439,x,False
PR306,P2_extra_strict,c_frame,c_host_part,frame,host part,3.3,We can then encapsulate the IP datagram inside a frame that contains that link-level address and send it either to the ultimate destination or to a router that promises to forward the datagram toward the ultimate destination. One simple way to map an IP address into a physical network address is to encode a host’s physical address in the host part of its IP address.,adjacent_sentences,,y,
PR307,P2_extra_strict,c_bit,c_lightning_strike,bit,lightning strike,1.2,"Sometimes single bits are corrupted, but more often than not a burst error occurs—several consecutive bits are corrupted. Bit errors typically occur because outside forces, such as lightning strikes, power surges, and microwave ovens, interfere with the transmission of data.",adjacent_sentences,,x,
PR308,P1_extra,c_computer,c_sliding_window_protocol,computer,Sliding Window Protocol,2.5,"Frame Order and Flow Control

The sliding window protocol is perhaps the best known algorithm in computer networking.",same_sentence,RP-2.5-441,y,False
PR309,P1_extra,c_frame,c_deliverswp,frame,deliverSWP,2.5,"When the incoming frame is an ACK, deliverSWP simply finds the slot in the transmit queue (sendQ) that corresponds to the ACK, cancels the timeout event, and frees the frame saved in that slot.",same_sentence,RP-2.5-51,x,False
PR310,P0,c_subnet_number,c_bitwise_and,subnet number,bitwise AND,3.3,"(All hosts on a given subnet are configured with the same mask; that is, there is exactly one subnet mask per subnet.) The bitwise AND of these two numbers defines the subnet number of the host and of all other hosts on the same subnet.",same_sentence,RP-3.3-1390,y,
PR311,P1_extra,c_data,c_quantum,data,quantum,1.2,"In other words, during time quantum 1, data from S1 to R1 is transmitted; during time quantum 2, data from S2 to R2 is transmitted; in quantum 3, S3 sends data to R3.",same_sentence,RP-1.2-106,x,False
PR312,P1_extra,c_wi_fi,c_broadband_service,Wi-Fi,broadband service,2.8,"In addition to the Ethernet and Wi-Fi connections we typically use to connect to the Internet at home, at work, at school, and in many public spaces, most of us connect to the Internet over an access or broadband service that we buy from an ISP.",same_sentence,RP-2.8-377,y,False
PR313,P1_extra,c_packet,c_message_body,packet,message body,3.3,"For example, classic Ethernet can accept packets up to 1500 bytes long, but modern-day variants can deliver larger (jumbo) packets that carry up to 9000 bytes of payload.",same_sentence,RP-3.3-156,y,False
PR314,P0,c_header,c_arq_algorithm,header,ARQ algorithm,2.5,"This section describes three different ARQ algorithms using generic language; that is, we do not give detailed information about a particular protocol’s header fields.",same_sentence,RP-2.5-152,y,
PR315,P0,c_privacy,c_integrity,privacy,integrity,1.2,"The request/reply channel might also protect the privacy and integrity of the data that flows over it, so that unauthorized parties cannot read or modify the data being exchanged between the client and server processes.",same_sentence,RP-1.2-133,x,
PR316,P2_extra_strict,c_checksum,c_control_message,checksum,control message,3.3,"For example, ICMP defines error messages indicating that the destination host is unreachable (perhaps due to a link failure), that the reassembly process failed, that the TTL had reached 0, that the IP header checksum failed, and so on. ICMP also defines a handful of control messages that a router can send back to a source host.",adjacent_sentences,,x,
PR317,P1_extra,c_cpu,c_i_o,CPU,I/O,3-perspective-virtual-networks-all-the-way-down,"In this sense, they are analogous to the virtual machine, with its support of all the resources of a server: CPU, storage, I/O, and so on.",same_sentence,RP-3-perspective-virtual-networks-all-the-way-down-44,x,False
PR318,P1_extra,c_layering,c_internet_engineering_task_force,layering,Internet Engineering Task Force,1.3,"We briefly describe the architectures defined by the IETF and ISO shortly, but first there are two additional things we need to explain about the mechanics of protocol layering.",same_sentence,RP-1.3-188,x,False
PR319,P1_extra,c_link,c_fiber,link,fiber,2.3,"LCP is also involved in establishing a link between two peers when both sides detect that communication over the link is possible (e.g., when each optical receiver detects an incoming signal from the fiber to which it connects).",same_sentence,RP-2.3-30,y,False
PR320,P1_extra,c_network_address,c_field,network address,field,3.3,"In addition to the IP and link-layer addresses of both sender and target, the packet contains

-  A HardwareType field, which specifies the type of physical network (e.g., Ethernet)

-  A ProtocolType field, which specifies the higher-layer protocol (e.g., IP)

-  HLen (“hardware” address length) and PLen (“protocol” address length) fields, which specify the length of the link-layer address and higher-layer protocol address, respectively

-  An Operation field, which specifies whether this is a request or a response

-  The source and target hardware (Ethernet) and protocol (IP) addresses

Note that the results of the ARP process can be added as an extra column in a forwarding table like the one in Table.",same_sentence,RP-3.3-1026,y,False
PR321,P0,c_frame,c_stream_of_bits,frame,stream of bits,1.3,collects a stream of bits into a larger aggregate called a frame,same_sentence,RP-1.3-247,y,
PR322,P0,c_cts,c_receiver,CTS,receiver,2.7,"the receiver responds with another short packet, the CTS",same_sentence,RP-2.7-92,x,
PR323,P1_extra,c_broadband_network_gateway,c_telco,Broadband Network Gateway,Telco,2.8,"The Agg Switch aggregates traffic from a set of OLTs, and the BNG (Broadband Network Gateway) is a piece of Telco equipment that, among many other things, meters Internet traffic for the sake of billing.",same_sentence,RP-2.8-109,x,False
PR324,P2_extra_strict,c_4g,c_voice,4G,voice,2.8,"The first two generations supported only voice, with 3G defining the transition to broadband access, supporting data rates measured in hundreds of kilobits per second. Today, the industry is at 4G (supporting data rates typically measured in the few megabits per second) and is in the process of transitioning to 5G (with the promise of a tenfold increase in data rates).",adjacent_sentences,,y,
PR325,P0,c_bandwidth,c_link,bandwidth,link,1.5,"When we talk about the bandwidth of a communication link, we normally refer to the number of bits per second that can be transmitted on the link.",same_sentence,RP-1.5-8,x,
PR326,P0,c_address_utilization,c_network_address,address utilization,network address,3.3,we can guarantee an address utilization of at least 50%,anchor_derived,AP-619,y,
PR327,P1_extra,c_computer_network,c_general_purpose_programmable_hardware,computer network,general-purpose programmable hardware,1-problem-building-a-network,"Computer networks are built primarily from general-purpose programmable hardware, and they are not optimized for a particular application like making phone calls or delivering television signals.",same_sentence,RP-1-problem-building-a-network-23,y,False
PR328,P2_extra_strict,c_class_c_address,c_forwarding_table,class C address,forwarding table,3.3,"In other words, we get both the high address efficiency of handing out addresses in chunks smaller than a class B network, and a single network prefix that can be used in forwarding tables. Observe that, for this scheme to work, we need to hand out blocks of class C addresses that share a common prefix, which means that each block must contain a number of class C networks that is a power of two.",adjacent_sentences,,y,
PR329,P0,c_cost_weight,c_edge,cost (weight),edge,3.4,"l(i,j) denotes the nonnegative cost (weight) associated with the edge between nodes i, j in N",same_sentence,RP-3.4-446,x,
PR330,P1_extra,c_virtual_circuit,c_virtual_circuit_identifier,virtual circuit,virtual circuit identifier,3.1,"One entry in the VC table on a single switch contains:

-  A virtual circuit identifier (VCI) that uniquely identifies the connection at this switch and which will be carried inside the header of the packets that belong to this connection

-  An incoming interface on which packets for this VC arrive at the switch

-  An outgoing interface in which packets for this VC leave the switch

-  A potentially different VCI that will be used for outgoing packets

The semantics of one such entry is as follows: If a packet arrives on the designated incoming interface and that packet contains the designated VCI value in its header, then that packet should be sent out the specified outgoing interface with the specified outgoing VCI value having been first placed in its header.",same_sentence,RP-3.1-278,x,False
PR331,P0,c_network,c_host,network,host,3.3,One way to think of IP is that it runs on all the nodes (both hosts and routers) in a collection of networks and defines the infrastructure that allows these nodes and networks to function as a single logical internetwork.,same_sentence,RP-3.3-0,y,
PR332,P0,c_frame,c_message_body,frame,message body,2.3,"An interesting characteristic of bit stuffing, as well as character stuffing, is that the size of a frame is dependent on the data that is being sent in the payload of the frame.",same_sentence,RP-2.3-6,x,
PR333,P2_extra_strict,c_bandwidth,c_throughput_rate,bandwidth,throughput rate,1.5,"If each pixel is represented by 24 bits of information, as would be the case for 24-bit color, then the size of each frame would be (352 × 240 × 24) / 8 = 247.5 KB If the application needs to support a frame rate of 30 frames per second, then it might request a throughput rate of 75 Mbps. The ability of the network to provide more bandwidth is of no interest to such an application because it has only so much data to transmit in a given period of time.",adjacent_sentences,,y,
PR334,P0,c_symbol,c_subband,symbol,subband,2.8,"The subbands are narrow (e.g., 15kHz), but the coding of user data into OFDMA symbols is designed to minimize the risk of data loss due to interference between adjacent bands.",same_sentence,RP-2.8-282,x,
PR335,P2_extra_strict,c_resource_block,c_service,resource block,service,2.8,"In addition to allocating resource blocks to users, it has the ability to dynamically adjust the size of the resource blocks by changing the wave form being used in the band it is responsible for scheduling. Whether 4G or 5G, the scheduling algorithm is a challenging optimization problem, with the objective of simultaneously (a) maximizing utilization of the available frequency band, and (b) ensuring that every UE receives the level of service it requires.",adjacent_sentences,,x,
PR336,P0,c_switch,c_router,switch,router,3.5,"So far, we have talked about what switches and routers must do without describing how they do it.",same_sentence,RP-3.5-0,x,
PR337,P2_extra_strict,c_c,c_crc_32,C,CRC-32,2.4,"In general, it is possible to prove that the following types of errors can be detected by a C(x) with the stated properties:

- All single-bit errors, as long as the x^{k} and x^{0} terms have nonzero coefficients

- All double-bit errors that are j bits apart, as long as the x^{0} term is nonzero and C(x) does not divide evenly into x^{j} + 1

- Any odd number of errors, as long as C(x) contains the factor (x + 1)

- Any “burst” error (i.e., sequence of consecutive errored bits) for which the length of the burst is less than k bits (Most burst errors of length greater than k bits can also be detected.)

Six versions of C(x) are widely used in link-level protocols. For example, Ethernet uses CRC-32, which is defined as follows:

-  CRC-32 = x^{32} + x^{26} + x^{23} + x^{22} + x^{16} + x^{12} + x^{11} + x^{10} + x^8 + x^7 + x^5 + x^4 + x^2 + x + 1

We have mentioned that it is possible to use codes that not only detect the presence of errors but also enable errors to be corrected.",adjacent_sentences,,x,
PR338,P0,c_virtual_circuit_number,c_virtual_circuit,virtual circuit number,virtual circuit,3.1,the virtual circuit number can be treated as an index into a table,anchor_derived,AP-519,x,
PR339,P2_extra_strict,c_congested_switch,c_port,congested switch,port,3.2,"One important thing to notice is that although the algorithm is able to reconfigure the spanning tree whenever a switch fails, it is not able to forward frames over alternative paths for the sake of routing around a congested switch. 3.2.4 Broadcast and Multicast

The preceding discussion focuses on how switches forward unicast frames from one port to another.",adjacent_sentences,,y,
PR340,P0,c_switched_network,c_network,switched network,network,1.2,these forwarding nodes form a switched network,same_sentence,RP-1.2-92,x,
PR341,P1_extra,c_protocol_graph,c_header,protocol graph,header,1.3,"This process of encapsulation is then repeated at each level of the protocol graph; for example, HHP encapsulates RRP’s message by attaching a header of its own.",same_sentence,RP-1.3-201,y,False
PR342,P2_extra_strict,c_network_address,c_ternary,network address,ternary,3.5,"The “CAM” in TCAM stands for “Content Addressable Memory,” which means that the key you want to look up in a table can effectively be used as the address into the memory that implements the table. The “T” stands for “Ternary” which is a fancy way to say the key you want to look up can have wildcards in it (e.g, key 101 matches both 1001 and 1011).",adjacent_sentences,,y,
PR343,P1_extra,c_shortest_path,c_network_operating_system,shortest path,Network Operating System,3.5,This means the NOS takes on the burden of collecting network state (the hard part of distributed algorithms like Link-State and Distance-Vector algorithms) and the app is free to simply implement the shortest path algorithm and load the forwarding rules into the underlying switches.,same_sentence,RP-3.5-501,x,False
PR344,P0,c_high_speed_link,c_link,high-speed link,link,2.3,onto one high-speed link,anchor_derived,AP-274,x,
PR345,P0,c_802_11_wi_fi_standard,c_standard,802.11 Wi-Fi standard,standard,2.7,"2.7.2 Wi-Fi (802.11)

Most readers will have used a wireless network based on the IEEE 802.11 standards, often referred to as Wi-Fi.",same_sentence,RP-2.7-3,x,
PR346,P2_extra_strict,c_address_family,c_routing_table,address family,routing table,3.4,"Routers running RIP send their advertisements every 30 seconds; a router also sends an update message whenever an update from another router causes it to change its routing table. One point of interest is that it supports multiple address families, not just IP—that is the reason for the Family part of the advertisements.",adjacent_sentences,,y,
PR347,P2_extra_strict,c_identifier,c_recursion,identifier,recursion,3-perspective-virtual-networks-all-the-way-down,"This is because encapsulation is the fundamental cornerstone of virtualization; all you need to add is an identifier that tells you which of many possible users this encapsulated packet belongs to. The hard part is grappling with the idea of virtual networks being nested (encapsulated) inside virtual networks, which is networking’s version of recursion.",adjacent_sentences,,x,
PR348,P0,c_point_to_point,c_link,point to point,link,2.6,Modern Ethernet links are now largely point to point,same_sentence,RP-2.6-310,y,
PR349,P1_extra,c_head_end,c_datacenter,Head End,datacenter,2-perspective-race-to-the-edge,"This initiative is often called CORD, which is an acronym for C\ entral O\ ffice R\ e-architected as a D\ atacenter, and as the name suggests, the idea is to build the Telco Central Office (or the Cable Head End, resulting in the acronym HERD) using exactly the same technologies as in the large datacenters that make up the cloud.",same_sentence,RP-2-perspective-race-to-the-edge-73,y,False
PR350,P1_extra,c_retransmission,c_wireless_environment,retransmission,wireless environment,2.4,"As a result, error correction tends to be most useful when (1) errors are quite probable, as they may be, for example, in a wireless environment, or (2) the cost of retransmission is too high, for example, because of the latency involved retransmitting a packet over a satellite link.",same_sentence,RP-2.4-205,x,False
PR351,P1_extra,c_port,c_field,port,field,3-perspective-virtual-networks-all-the-way-down,"It also implies a particular setting of the UDP source and destination port fields (see Section 5.1), with the destination port 4789 officially reserved for VXLANs.",same_sentence,RP-3-perspective-virtual-networks-all-the-way-down-122,y,False
PR352,P1_extra,c_message_body,c_cell,message body,cell,3.1,"If the cell payload size is 48 bytes and you want to send 1 byte, you’ll need to send 47 bytes of padding.",same_sentence,RP-3.1-553,y,False
PR353,P2_extra_strict,c_carrier,c_station,carrier,station,2.6,"You can, therefore, think of an Ethernet as being like a bus that has multiple stations plugged into it. The “carrier sense” in CSMA/CD means that all the nodes can distinguish between an idle and a busy link, and “collision detect” means that a node listens as it transmits and can therefore detect when a frame it is transmitting has interfered (collided) with a frame transmitted by another node.",adjacent_sentences,,x,
PR354,P0,c_network,c_cloud_provider,network,cloud provider,2-perspective-race-to-the-edge,"Cloud providers, in pursuit of low-latency/high-bandwidth applications, are moving out of the datacenter and towards the edge at the same time network operators are adopting the best practices and technologies of the cloud to the edge that already exists and implements the access network.",same_sentence,RP-2-perspective-race-to-the-edge-3,y,
PR355,P2_extra_strict,c_timing_constraint,c_voice_over_ip_application,timing constraint,voice-over-IP application,1.1,"These applications have considerably tighter timing constraints than streaming applications. When using a voice-over-IP application such as Skype or a videoconferencing application, the interactions among the participants must be timely.",adjacent_sentences,,x,
PR356,P0,c_packet,c_switch,packet,switch,3.1,"A switch is a multi-input, multi-output device that transfers packets from an input to one or more outputs.",same_sentence,RP-3.1-0,y,
PR357,P1_extra,c_video_on_demand,c_videoconferencing,video on demand,videoconferencing,1.2,"Using file access, a digital library, and the two video applications described in the introduction (videoconferencing and video on demand) as a representative sample, we might decide to provide the following two types of channels: request/reply channels and message stream channels.",same_sentence,RP-1.2-628,y,False
PR358,P0,c_connectivity,c_hello_packet,connectivity,hello packet,3.4,The demise of a neighbor or loss of connectivity to that neighbor can be detected using periodic “hello” packets.,same_sentence,RP-3.4-786,y,
PR359,P1_extra,c_process_to_process_channel,c_message_stream_protocol,process-to-process channel,message stream protocol,1.3,"For example, Figure illustrates a protocol graph for the hypothetical layered system we have been discussing—protocols RRP (Request/Reply Protocol) and MSP (Message Stream Protocol) implement two different types of process-to-process channels, and both depend on the Host-to-Host Protocol (HHP) which provides a host-to-host connectivity service.",same_sentence,RP-1.3-170,y,False
PR360,P1_extra,c_circuit,c_bit,circuit,bit,3.1,"The reason for breaking the field into two parts was to allow for a level of hierarchy: All the circuits with the same VPI could, in some cases, be treated as a group (a virtual path) and could all be switched together looking only at the VPI, simplifying the work of a switch that could ignore all the VCI bits and reducing the size of the VC table considerably.",same_sentence,RP-3.1-443,x,False
PR361,P2_extra_strict,c_metric,c_point_to_point_link,metric,point-to-point link,3.4,"The metric is of course the cost of the link. Type tells us something about the link—for example, if it is a point-to-point link.",adjacent_sentences,,y,
PR362,P2_extra_strict,c_link_state_routing,c_storage,link-state routing,storage,3.4,"Some solutions to both the specific problem (the amount of storage potentially required at each node) and the general problem (scalability) will be discussed in the next section. The Open Shortest Path First Protocol (OSPF)

One of the most widely used link-state routing protocols is OSPF.",adjacent_sentences,,y,
PR363,P2_extra_strict,c_type_argument,c_unix,type argument,Unix,1.4,"Specifically, the domain argument specifies the protocol family that is going to be used: PF_INET denotes the Internet family, PF_UNIX denotes the Unix pipe facility, and PF_PACKET denotes direct access to the network interface (i.e., it bypasses the TCP/IP protocol stack). The type argument indicates the semantics of the communication.",adjacent_sentences,,x,
PR364,P0,c_hardware_switch,c_physical_server,hardware switch,physical server,3.5,"One consequence of this design that isn’t immediately obvious is that a logically centralized control plane doesn’t just manage a network of physical (hardware) switches that interconnects physical servers, but it also manages a network of virtual (software) switches that interconnect virtual servers (e.g., Virtual Machines and containers).",same_sentence,RP-3.5-460,y,
PR365,P1_extra,c_network_architecture,c_hardware,network architecture,hardware,1-problem-building-a-network,This experience is embodied in a network architecture that identifies the available hardware and software components and shows how they can be arranged to form a complete network system.,same_sentence,RP-1-problem-building-a-network-38,x,False
PR366,P1_extra,c_switch,c_quality_of_service,switch,quality of service,3.1,"In this setting, the term quality of service is usually taken to mean that the network gives the user some kind of performance-related guarantee, which in turn implies that switches set aside the resources they need to meet this guarantee.",same_sentence,RP-3.1-408,y,False
PR367,P0,c_congestion_control,c_congestion,congestion control,congestion,1-perspective-feature-velocity,congestion control,anchor_derived,AP-218,x,
PR368,P1_extra,c_connection,c_interface,connection,interface,3.1,Note that the combination of the VCI of packets as they are received at the switch and the interface on which they are received uniquely identifies the virtual connection.,same_sentence,RP-3.1-286,x,False
PR369,P2_extra_strict,c_4g,c_802_11_wi_fi_standard,4G,802.11 Wi-Fi standard,2.7,"The latest emerging standard, 802.11ax, promises another substantial improvement in throughput, in part by adopting many of the coding and modulation techniques used in the 4G/5G cellular network, which we describe in the next section. It is common for commercial products to support more than one flavor of 802.11; many base stations support all five variants (a,b, g, n, and ac).",adjacent_sentences,,x,
PR370,P0,c_bit,c_backwards_compatibility,bit,backwards compatibility,3.2,"(This VID is typically referred to as a VLAN Tag.) There are actually 32-bits inserted in the middle of the header, but the first 16-bits are used to preserve backwards compatibility with the original specification (they use Type = 0x8100 to indicate that this frame includes the VLAN extension); the other four bits hold control information used to prioritize frames.",same_sentence,RP-3.2-388,y,
PR371,P1_extra,c_network,c_feature_velocity,network,feature velocity,1.2,This mindset exposes the fundamental tension between stability and feature velocity: the rate at which new capabilities are introduced into the network.,same_sentence,RP-1.2-673,y,False
PR372,P0,c_chaddr_field,c_field,chaddr field,field,3.3,in the chaddr field,anchor_derived,AP-644,y,
PR373,P2_extra_strict,c_packet,c_socket_interface,packet,socket interface,1.4,"The first step is to create a socket, which is done with the following operation:

The reason that this operation takes three arguments is that the socket interface was designed to be general enough to support any underlying protocol suite. Specifically, the domain argument specifies the protocol family that is going to be used: PF_INET denotes the Internet family, PF_UNIX denotes the Unix pipe facility, and PF_PACKET denotes direct access to the network interface (i.e., it bypasses the TCP/IP protocol stack).",adjacent_sentences,,x,
PR374,P2_extra_strict,c_area,c_data_rate,area,data rate,2.7,"Like Ethernet, 802.11 is designed for use in a limited geographical area (homes, office buildings, campuses), and its primary challenge is to mediate access to a shared communication medium—in this case, signals propagating through space. Physical Properties

802.11 defines a number of different physical layers that operate in various frequency bands and provide a range of different data rates.",adjacent_sentences,,y,
PR375,P2_extra_strict,c_chaddr_field,c_packet,chaddr field,packet,3.3,"UDP is discussed in detail in the next chapter, but the only interesting thing it does in this context is to provide a demultiplexing key that says, “This is a DHCP packet.”

DHCP is derived from an earlier protocol called BOOTP, and some of the packet fields are thus not strictly relevant to host configuration. When trying to obtain configuration information, the client puts its hardware address (e.g., its Ethernet address) in the chaddr field.",adjacent_sentences,,x,
PR376,P2_extra_strict,c_bit,c_direct_sequence,bit,direct sequence,2.7,"This scheme reduces interference by making it unlikely that two signals would be using the same frequency for more than the infrequent isolated bit. A second spread spectrum technique, called direct sequence, adds redundancy for greater tolerance of interference.",adjacent_sentences,,y,
PR377,P1_extra,c_host,c_broadcast,host,broadcast,3.2,"While it is reasonable for all hosts within a limited setting (say, a department) to see each other’s broadcast messages, it is unlikely that all the hosts in a larger environment (say, a large company or university) would want to have to be bothered by each other’s broadcast messages.",same_sentence,RP-3.2-52,x,False
PR378,P0,c_internet_protocol,c_router,Internet Protocol,router,3.3,One way to think of IP is that it runs on all the nodes (both hosts and routers) in a collection of networks and defines the infrastructure that allows these nodes and networks to function as a single logical internetwork.,same_sentence,RP-3.3-11,y,
PR379,P0,c_teleconferencing,c_digital_libraries,teleconferencing,digital libraries,1-problem-building-a-network,"Suppose you want to build a computer network, one that has the potential to grow to global proportions and to support applications as diverse as teleconferencing, video on demand, electronic commerce, distributed computing, and digital libraries.",same_sentence,RP-1-problem-building-a-network-10,x,
PR380,P0,c_dijkstra_s_shortest_path_algorithm,c_graph_theory,Dijkstra’s shortest-path algorithm,graph theory,3.4,a well-known algorithm from graph theory—Dijkstra’s shortest-path algorithm,same_sentence,RP-3.4-442,y,
PR381,P0,c_air_interface,c_interface,air interface,interface,2.8,The main innovation of LTE’s air interface,anchor_derived,AP-454,y,
PR382,P0,c_end_host,c_host,end host,host,1.3,run only on the end hosts and not on the intermediate switches or routers,anchor_derived,AP-87,x,
PR383,P0,c_internet,c_world_wide_web,Internet,World Wide Web,1.1,"Most people know the Internet through its applications: the World Wide Web, email, social media, streaming music or movies, videoconferencing, instant messaging, file-sharing, to name just a few examples.",same_sentence,RP-1.1-0,x,
PR384,P0,c_packet_forwarding_capacity,c_forwarding,packet forwarding capacity,forwarding,3.5,aggregate packet forwarding capacity,anchor_derived,AP-718,x,
PR385,P0,c_encoding,c_bit,encoding,bit,2.2,encoding bits onto the transmission medium,same_sentence,RP-2.2-11,x,
PR386,P0,c_hardware_appliance,c_hardware,hardware appliance,hardware,2-perspective-race-to-the-edge,constructed from complex hardware appliances,anchor_derived,AP-466,y,
PR387,P0,c_hypertext_transfer_protocol,c_protocol,Hypertext Transfer Protocol,protocol,1.3,the Hypertext Transfer Protocol (HTTP),same_sentence,RP-1.3-472,y,
PR388,P1_extra,c_phase,c_symbol,phase,symbol,2.2,"It is not uncommon to vary a combination of a signal's phase and amplitude, making it possible to encode 16 or even 64 different patterns (often called symbols) during each clock interval.",same_sentence,RP-2.2-111,x,False
PR389,P0,c_name_space,c_application,name space,application,1.3,provides a name space that is used to tie together the potentially different transport streams that are part of a single application,same_sentence,RP-1.3-266,y,
PR390,P0,c_transition,c_clock_drift,transition,clock drift,2.2,"However, a long period of time without such a transition leads to clock drift.",same_sentence,RP-2.2-77,x,
PR391,P2_extra_strict,c_channel,c_device,channel,device,2.7,"At the time of writing, many devices support 802.11n or 802.11ac, which typically achieve per-device data rates of 150 Mbps to 450 Mbps, respectively. This improvement is partly due to the use of multiple antennas and allowing greater wireless channel bandwidths.",adjacent_sentences,,x,
PR392,P0,c_broadcast,c_message,broadcast,message,1.2,the source node might want to broadcast a message to all the nodes on the network,same_sentence,RP-1.2-300,y,
PR393,P2_extra_strict,c_data_rate,c_header,data rate,header,3.1,"If you make them too short, then the amount of header information that needs to be carried around relative to the amount of data that fits in one cell gets larger, so the percentage of link bandwidth that is actually used to carry data goes down. Even more seriously, if you build a device that processes cells at some maximum number of cells per second, then as cells get shorter the total data rate drops in direct proportion to cell size.",adjacent_sentences,,y,
PR394,P1_extra,c_bandwidth,c_arpanet,bandwidth,ARPANET,3.4,"Stated more precisely, the original ARPANET routing mechanism suffered from the fact that it did not take either the bandwidth or the latency of the link into consideration.",same_sentence,RP-3.4-819,y,False
PR395,P1_extra,c_security,c_packet_scheduling,security,packet scheduling,1-perspective-feature-velocity,"This new approach, known as Software Defined Networks (SDN), is a game changer, not so much in terms of how we address the fundamental technical challenges of framing, routing, fragmentation/reassembly, packet scheduling, congestion control, security, and so on, but in terms of how rapidly the network evolves to support new features.",same_sentence,RP-1-perspective-feature-velocity-146,y,False
PR396,P1_extra,c_router,c_hop,router,hop,3.4,"For example, if router A learns from router B that network X can be reached at a lower cost via B than via the existing next hop in the routing table, A updates the cost and next hop information for the network number accordingly.",same_sentence,RP-3.4-125,x,False
PR397,P0,c_switched_virtual_circuit,c_switch,switched virtual circuit,switch,3.1,a switched virtual circuit (SVC),anchor_derived,AP-509,x,
PR398,P1_extra,c_byte,c_encoding,byte,encoding,2.3,"The overhead bytes of a SONET frame are encoded using NRZ, the simple encoding described in the previous section where 1s are high and 0s are low.",same_sentence,RP-2.3-294,x,False
PR399,P0,c_prefix_length,c_prefix,prefix length,prefix,3.3,where X is the prefix length in bits,same_sentence,RP-3.3-883,x,
PR400,P0,c_sendwindownotfull,c_send_window_size,sendWindowNotFull,send window size,2.5,"sendWindowNotFull is initialized to the size of the sender’s sliding window, SWS",same_sentence,RP-2.5-403,y,
PR401,P0,c_switch,c_infrastructure,switch,infrastructure,2.6,"Ethernet became deeply entrenched for these reasons, and any switch-based approach that aspired to displace it required additional investment in infrastructure (the switches), on top of the cost of each adaptor.",same_sentence,RP-2.6-273,y,
PR402,P0,c_network_applications,c_smartphones,network applications,smartphones,1-problem-building-a-network,"And with the proliferation of smartphones, many more people in this generation are developing networked applications than in the past.",same_sentence,RP-1-problem-building-a-network-42,x,
PR403,P2_extra_strict,c_client,c_instant_messaging,client,instant messaging,1.4,"It is a simplified version of the Linux talk program, which is similar to the program at the core of instant messaging applications. Client

We start with the client side, which takes the name of the remote machine as an argument.",adjacent_sentences,,x,
PR404,P1_extra,c_protocol,c_high_level_data_link_control,protocol,High-Level Data Link Control,2.3,The Synchronous Data Link Control (SDLC) protocol developed by IBM is an example of a bit-oriented protocol; SDLC was later standardized by the ISO as the High-Level Data Link Control (HDLC) protocol.,same_sentence,RP-2.3-39,y,False
PR405,P1_extra,c_packet,c_software_defined_networks,packet,Software Defined Networks,3.5,"The fundamental idea of SDN is one we’ve already discussed: to decouple the network control plane (i.e., where routing algorithms like RIP, OSPF, and BGP run) from the network data plane (i.e., where packet forwarding decisions get made), with the former moved into software running on commodity servers and the latter implemented by bare-metal switches.",same_sentence,RP-3.5-373,y,False
PR406,P1_extra,c_ip_address,c_relay_agent,IP address,relay agent,3.3,"There is at least one relay agent on each network, and it is configured with just one piece of information: the IP address of the DHCP server.",same_sentence,RP-3.3-1122,y,False
PR407,P1_extra,c_network_address,c_framing,network address,framing,1-perspective-feature-velocity,"This new approach, known as Software Defined Networks (SDN), is a game changer, not so much in terms of how we address the fundamental technical challenges of framing, routing, fragmentation/reassembly, packet scheduling, congestion control, security, and so on, but in terms of how rapidly the network evolves to support new features.",same_sentence,RP-1-perspective-feature-velocity-132,y,False
PR408,P0,c_internet,c_logical_network,Internet,logical network,3.3,An internet is a logical network built out of a collection of physical networks.,same_sentence,RP-3.3-457,x,
PR409,P0,c_control_message,c_frame,control message,frame,2.3,control messages encapsulated in PPP frames,same_sentence,RP-2.3-151,y,
PR410,P0,c_application,c_channel,application,channel,1.2,"Intuitively, we view the network as providing logical channels over which application-level processes can communicate with each other; each channel provides the set of services required by that application.",same_sentence,RP-1.2-10,x,
PR411,P1_extra,c_service,c_cellular_telephone_technology,service,cellular telephone technology,2.8,"2.8.2 Cellular Network

While cellular telephone technology had its roots in analog voice communication, data services based on cellular standards are now the norm.",same_sentence,RP-2.8-142,x,False
PR412,P1_extra,c_internet,c_cloudification,Internet,cloudification,2-perspective-race-to-the-edge,"As we start to explore how softwarization is transforming the network, we should recognize that it is the access network that connects homes, businesses, and mobile users to the Internet that is undergoing the most radical change.",same_sentence,RP-2-perspective-race-to-the-edge-5,y,False
PR413,P1_extra,c_broadcast,c_repeater,broadcast,repeater,2.6,"Any signal placed on the Ethernet by a host is broadcast over the entire network; that is, the signal is propagated in both directions, and repeaters and hubs forward the signal on all outgoing segments.",same_sentence,RP-2.6-163,y,False
PR414,P0,c_world_wide_web,c_bit,World Wide Web,bit,1.1,"The Web itself has become such a powerful platform that many people confuse it with the Internet, and it’s a bit of a stretch to say that the Web is a single application.",same_sentence,RP-1.1-6,y,
PR415,P0,c_interdomain_routing_protocols,c_routing_protocol,interdomain routing protocols,routing protocol,3.4,The relevance of this definition will become apparent in the next chapter when we look at interdomain routing protocols.,anchor_derived,AP-661,y,
PR416,P0,c_ttl,c_forwarding_table,TTL,forwarding table,3.2,"Another routine, not shown here, is invoked at regular intervals, scans the entries in the forwarding table, and decrements the TTL (time to live) field of each entry, discarding any entries whose TTL has reached 0.",same_sentence,RP-3.2-221,y,
PR417,P2_extra_strict,c_interface,c_vlan_id,interface,VLAN ID,3.2,"The interesting part of the VLAN header is the VLAN ID; in this case, that ID is set to 100. The switch now applies its normal rules for forwarding to the packet, with the extra restriction that the packet may not be sent out an interface that is not part of VLAN 100.",adjacent_sentences,,x,
PR418,P2_extra_strict,c_link,c_sts_n_frame,link,STS-N frame,2.3,"The reason for interleaving the bytes from each STS-N frame is to ensure that the bytes in each STS-1 frame are evenly paced; that is, bytes show up at the receiver at a smooth 51 Mbps, rather than all bunched up during one particular 1/N^{th} of the 125-μs interval. Although it is accurate to view an STS-N signal as being used to multiplex N STS-1 frames, the payload from these STS-1 frames can be linked together to form a larger STS-N payload; such a link is denoted STS-Nc (for concatenated).",adjacent_sentences,,x,
PR419,P0,c_standard_input,c_main_loop,standard input,main loop,1.4,"Once the operation returns, the connection is established and the client program enters its main loop, which reads text from standard input and sends it over the socket.",same_sentence,RP-1.4-313,x,
PR420,P1_extra,c_data,c_time_quantum,data,time quantum,1.2,"In other words, during time quantum 1, data from S1 to R1 is transmitted; during time quantum 2, data from S2 to R2 is transmitted; in quantum 3, S3 sends data to R3.",same_sentence,RP-1.2-105,x,False
PR421,P0,c_unique_client_identifier,c_identifier,unique client identifier,identifier,3.3,some form of unique client identifier,anchor_derived,AP-639,x,
PR422,P0,c_end_to_end_protocol,c_protocol,end-to-end protocol,protocol,1.3,TCP and UDP are sometimes called end-to-end protocols,anchor_derived,AP-145,x,
PR423,P2_extra_strict,c_campus,c_fiber,campus,fiber,2.1,"Modern backbone links are almost exclusively fiber today, and they typically use a technology called SONET (Synchronous Optical Network), which was originally developed to meet the demanding management requirements of telephone carriers. Finally, in addition to last-mile, backbone, and mobile links, there are the links that you find inside a building or a campus—generally referred to as local area networks (LANs).",adjacent_sentences,,y,
PR424,P1_extra,c_collision,c_network_edge,collision,network edge,2-perspective-race-to-the-edge,"This is all part of the growing trend to move functionality out of the datacenter and closer to the network edge, a trend that puts cloud providers and network operators on a collision course.",same_sentence,RP-2-perspective-race-to-the-edge-91,y,False
PR425,P1_extra,c_routing_information_protocol,c_open_shortest_path_first_protocol,Routing Information Protocol,Open Shortest Path First Protocol,3.5,"The non-trivial algorithms discussed in this chapter—the spanning tree algorithm used by learning bridges, the distance-vector algorithm used by RIP, and the link-state algorithm used by OSPF—are not directly part of the per-packet forwarding decision.",same_sentence,RP-3.5-37,y,False
PR426,P1_extra,c_frequency_division_multiplexing,c_coaxial_cable_tv_link,frequency-division multiplexing,coaxial cable TV link,1.2,"The idea of FDM is to transmit each flow over the physical link at a different frequency, much the same way that the signals for different TV stations are transmitted at a different frequency over the airwaves or on a coaxial cable TV link.",same_sentence,RP-1.2-336,y,False
PR427,P1_extra,c_cyclic_redundancy_check,c_checksum,cyclic redundancy check,checksum,2.3,"Note that despite its common name, this field is actually a CRC and not a checksum (as described in the next section).",same_sentence,RP-2.3-139,y,False
PR428,P0,c_error_message,c_error,error message,error,3.3,defines a collection of error messages,anchor_derived,AP-648,x,
PR429,P0,c_sentinel_character,c_frame,sentinel character,frame,2.3,sentinel characters to indicate where frames start and end,same_sentence,RP-2.3-410,x,
PR430,P1_extra,c_network_processor_unit,c_forwarding_pipeline,Network Processor Unit,forwarding pipeline,3.5,"In some cases, the forwarding pipeline is fixed and the control processor merely loads the forwarding table into the NPU (by fixed we mean the NPU only knows how to process certain headers, like Ethernet and IP), but in other cases, the forwarding pipeline is itself programmable.",same_sentence,RP-3.5-328,x,False
PR431,P1_extra,c_network,c_addressing_scheme,network,addressing scheme,3.3,"On the face of it, this addressing scheme has a lot of flexibility, allowing networks of vastly different sizes to be accommodated fairly efficiently.",same_sentence,RP-3.3-326,y,False
PR432,P1_extra,c_protocol,c_protocoltype_field,protocol,ProtocolType field,3.3,"In addition to the IP and link-layer addresses of both sender and target, the packet contains

-  A HardwareType field, which specifies the type of physical network (e.g., Ethernet)

-  A ProtocolType field, which specifies the higher-layer protocol (e.g., IP)

-  HLen (“hardware” address length) and PLen (“protocol” address length) fields, which specify the length of the link-layer address and higher-layer protocol address, respectively

-  An Operation field, which specifies whether this is a request or a response

-  The source and target hardware (Ethernet) and protocol (IP) addresses

Note that the results of the ARP process can be added as an extra column in a forwarding table like the one in Table.",same_sentence,RP-3.3-1002,y,False
PR433,P1_extra,c_switch,c_flow_of_data,switch,flow of data,1.2,"(For simplicity, assume that host S1 is sending data to host R1, and so on.) In this situation, three flows of data—corresponding to the three pairs of hosts—are multiplexed onto a single physical link by switch 1 and then demultiplexed back into separate flows by switch 2.",same_sentence,RP-1.2-321,y,False
PR434,P0,c_chipping_code,c_bit,chipping code,bit,2.7,known as an n-bit chipping code,anchor_derived,AP-385,y,
PR435,P0,c_software_ecosystem,c_software,software ecosystem,software,1-perspective-feature-velocity,a robust software ecosystem,anchor_derived,AP-214,y,
PR436,P1_extra,c_message,c_c,message,C,2.4,"Recall that we wanted to create a polynomial for transmission that is derived from the original message M(x), is k bits longer than M(x), and is exactly divisible by C(x).",same_sentence,RP-2.4-17,y,False
PR437,P0,c_sts_3c_frame,c_frame,STS-3c frame,frame,2.3,into a single STS-3c frame,same_sentence,RP-2.3-425,y,
PR438,P0,c_l2_network,c_virtual_lan,L2 network,virtual LAN,3-perspective-virtual-networks-all-the-way-down,"VLANs, as described in Section 3.2, are how we typically virtualize an L2 network.",same_sentence,RP-3-perspective-virtual-networks-all-the-way-down-6,y,
PR439,P1_extra,c_forwarding_table,c_datagram_network,forwarding table,datagram network,3.1,"Datagram networks have the following characteristics:

-  A host can send a packet anywhere at any time, since any packet that turns up at a switch can be immediately forwarded (assuming a correctly populated forwarding table).",same_sentence,RP-3.1-110,x,False
PR440,P2_extra_strict,c_interference,c_receiver,interference,receiver,2.7,"Furthermore, you can’t go blasting away at arbitrarily high power with a radio transmitter—there are concerns about interference with other devices and usually regulations about how much power a device may emit at any given frequency. Wireless media are also inherently multi-access; it’s difficult to direct your radio transmission to just a single receiver or to avoid receiving radio signals from any transmitter with enough power in your neighborhood.",adjacent_sentences,,y,
PR441,P0,c_inter_packet_gap,c_packet,inter-packet gap,packet,1.5,when packets arrive at the destination—sometimes called the inter-packet gap,same_sentence,RP-1.5-271,y,
PR442,P2_extra_strict,c_nexthop,c_router,NextHop,router,3.3,"The forwarding table of a router also changes slightly when we introduce subnetting. Recall that we previously had a forwarding table that consisted of entries of the form (NetworkNum, NextHop).",adjacent_sentences,,y,
PR443,P2_extra_strict,c_delay,c_request_reply_channel,delay,request/reply channel,1.2,"The request/reply channel might also protect the privacy and integrity of the data that flows over it, so that unauthorized parties cannot read or modify the data being exchanged between the client and server processes. The message stream channel could be used by both the video on demand and videoconferencing applications, provided it is parameterized to support both one-way and two-way traffic and to support different delay properties.",adjacent_sentences,,x,
PR444,P1_extra,c_node,c_edge,node,edge,3.4,"It is more accurate to make the edges directed, which typically means that there would be a pair of edges between each node—one flowing in each direction, and each with its own edge cost.",same_sentence,RP-3.4-32,y,False
PR445,P2_extra_strict,c_bit,c_checksum_algorithm,bit,checksum algorithm,2.4,"In ones’ complement arithmetic, the fact that this operation caused a carry from the most significant bit causes us to increment the result, giving 1000, which is the ones’ complement representation of -7 (obtained by inverting the bits in 0111), as we would expect. The following routine gives a straightforward implementation of the Internet’s checksum algorithm.",adjacent_sentences,,x,
PR446,P0,c_optical_fiber,c_link,optical fiber,link,2.1,"One way to characterize links, then, is by the medium they use—typically, copper wire in some form, such as twisted pair (some Ethernets and landline phones) and coaxial (cable); optical fiber, which is used for both fiber-to-the-home and many long-distance links in the Internet’s backbone; or air/free space for wireless links.",same_sentence,RP-2.1-85,y,
PR447,P2_extra_strict,c_active_port,c_loop,active port,loop,3.2,"This leaves S3 with active ports as shown in Figure. Note that Hosts A and B are not able to communicate over the shortest path (via S5) because frames have to “flow up the tree and back down,” but that’s the price you pay to avoid loops.",adjacent_sentences,,x,
PR448,P2_extra_strict,c_application,c_node,application,node,1.2,"(Circuit switching is, however, making a bit of a comeback in the optical networking realm, which turns out to be important as demand for network capacity constantly grows.) The important feature of packet-switched networks is that the nodes in such a network send discrete blocks of data to each other. Think of these blocks of data as corresponding to some piece of application data such as a file, a piece of email, or an image.",adjacent_sentences,,x,
PR449,P1_extra,c_graph,c_loop,graph,loop,3.2,"If you think of the network as being represented by a graph that possibly has loops (cycles), then a spanning tree is a subgraph of this graph that covers (spans) all the vertices but contains no cycles.",same_sentence,RP-3.2-253,x,False
PR450,P1_extra,c_wireless_link,c_media_access_control,wireless link,media access control,2.7,"Hence, media access control is a central issue for wireless links.",same_sentence,RP-2.7-168,x,False
